"Table with row headers in column A and column headers in rows 5 through 7, 75 through 77, 145 through 147, 172 through 174, 199 through 201, 246 through 248, 293 through 295, 320 through 322, 347 through 349, 379 through 381, 411 through 413, 438 through 440, 465 through 467, 492 through 494, 519 through 521, 558 through 560, 597 through 599, 624 through 626, 651 through 653, 678 through 680, 705 through 707, 732 through 734, 759 through 761, 786 through 788, 813 through 815, 840 through 842, 867 through 869, and 924 through 926","","","","","","","","","","","",""
"Table 4. Poverty Status of Families by Type of Family, Presence of Related Children, Race, and Hispanic Origin: 1959 to 2022","","","","","","","","","","","",""
"(Population in thousands. Population as of March of the following year. Information on confidentiality protection, sampling error, nonsampling error, and definitions is available at <https://www2.census.gov/programs-surveys/cps/techdocs/cpsmar23.pdf>)","","","","","","","","","","","",""
"All Races - With and Without Children Under 18 Years","","","","","","","","","","","",""
"Year","All families","","","Married-couple families","","","Families with a male householder, no spouse present","","","Families with a female householder, no spouse present","",""
"","Total","Below poverty","","Total","Below poverty","","Total","Below poverty","","Total","Below poverty",""
"","","Number","Percent","","Number","Percent","","Number","Percent","","Number","Percent"
"2022","84,350","7,400","008.8","62,180","3,117","005.0","7,130","821","011.5","15,040","3,462","023.0"
"2021","84,280","7,415","008.8","61,450","2,951","004.8","7,214","869","012.0","15,620","3,596","023.0"
"2020 (1)","83,720","7,284","008.7","61,300","2,853","004.7","6,964","797","011.4","15,460","3,634","023.5"
"2019","83,700","6,554","007.8","62,360","2,507","004.0","6,506","746","011.5","14,840","3,300","022.2"
"2018","83,510","7,504","009.0","61,970","2,938","004.7","6,485","824","012.7","15,050","3,742","024.9"
"2017 (2)","83,540","7,790","009.3","61,880","2,933","004.7","6,351","853","013.4","15,310","4,005","026.2"
"2017","83,100","7,758","009.3","61,250","3,005","004.9","6,424","793","012.4","15,430","3,959","025.7"
"2016","82,850","8,081","009.8","60,820","3,096","005.1","6,452","847","013.1","15,580","4,138","026.6"
"2015","82,200","8,589","010.4","60,260","3,245","005.4","6,311","939","014.9","15,630","4,404","028.2"
"2014","81,730","9,467","011.6","60,020","3,735","006.2","6,162","969","015.7","15,550","4,764","030.6"
"2013 (3)","82,320","9,645","011.7","59,640","3,394","005.7","6,497","1,048","016.1","16,180","5,203","032.2"
"2013 (4)","81,220","9,130","011.2","59,690","3,476","005.8","6,330","1,008","015.9","15,200","4,646","030.6"
"2012","80,940","9,520","011.8","59,220","3,705","006.3","6,231","1,023","016.4","15,490","4,793","030.9"
"2011","80,530","9,497","011.8","58,960","3,652","006.2","5,888","950","016.1","15,680","4,894","031.2"
"2010 (5)","79,560","9,400","011.8","58,670","3,681","006.3","5,649","892","015.8","15,240","4,827","031.7"
"2009","78,870","8,792","011.1","58,430","3,409","005.8","5,582","942","016.9","14,860","4,441","029.9"
"2008","78,870","8,147","010.3","59,140","3,261","005.5","5,255","723","013.8","14,480","4,163","028.7"
"2007","77,910","7,623","009.8","58,400","2,849","004.9","5,103","696","013.6","14,410","4,078","028.3"
"2006","78,450","7,668","009.8","58,960","2,910","004.9","5,067","671","013.2","14,420","4,087","028.3"
"2005","77,420","7,657","009.9","58,190","2,944","005.1","5,134","669","013.0","14,100","4,044","028.7"
"2004 (6)","76,870","7,835","010.2","57,980","3,216","005.5","4,901","657","013.4","13,980","3,962","028.3"
"2003","76,230","7,607","010.0","57,730","3,115","005.4","4,717","636","013.5","13,790","3,856","028.0"
"2002","75,620","7,229","009.6","57,330","3,052","005.3","4,663","564","012.1","13,630","3,613","026.5"
"2001","74,340","6,813","009.2","56,760","2,760","004.9","4,440","583","013.1","13,150","3,470","026.4"
"2000 (7)","73,780","6,400","008.7","56,600","2,637","004.7","4,277","485","011.3","12,900","3,278","025.4"
"1999 (8)","73,210","6,792","009.3","56,290","2,748","004.9","4,099","485","011.8","12,820","3,559","027.8"
"1998","71,550","7,186","010.0","54,780","2,879","005.3","3,977","476","012.0","12,800","3,831","029.9"
"1997","70,880","7,324","010.3","54,320","2,821","005.2","3,911","507","013.0","12,650","3,995","031.6"
"1996","70,240","7,708","011.0","53,600","3,010","005.6","3,847","531","013.8","12,790","4,167","032.6"
"1995 (9)","69,600","7,532","010.8","53,570","2,982","005.6","3,513","493","014.0","12,510","4,057","032.4"
"1994 (10)","69,310","8,053","011.6","53,870","3,272","006.1","3,228","549","017.0","12,220","4,232","034.6"
"1993 (11)","68,510","8,393","012.3","53,180","3,481","006.5","2,914","488","016.8","12,410","4,424","035.6"
"1992 (12)","68,220","8,144","011.9","53,090","3,385","006.4","3,065","484","015.8","12,060","4,275","035.4"
"1991 (13)","67,180","7,712","011.5","52,460","3,158","006.0","3,025","392","013.0","11,690","4,161","035.6"
"1990","66,320","7,098","010.7","52,150","2,981","005.7","2,907","349","012.0","11,270","3,768","033.4"
"1989","66,090","6,784","010.3","52,320","2,931","005.6","2,884","348","012.1","10,890","3,504","032.2"
"1988 (14)","65,840","6,874","010.4","52,100","2,897","005.6","2,847","336","011.8","10,890","3,642","033.4"
"1987 (14)","65,200","7,005","010.7","51,680","3,011","005.8","2,833","340","012.0","10,700","3,654","034.2"
"1986","64,490","7,023","010.9","51,540","3,123","006.1","2,510","287","011.4","10,450","3,613","034.6"
"1985 (15)","63,560","7,223","011.4","50,930","3,438","006.7","2,414","311","012.9","10,210","3,474","034.0"
"1984 (16)","62,710","7,277","011.6","50,350","3,488","006.9","2,228","292","013.1","10,130","3,498","034.5"
"1983","62,020","7,647","012.3","50,080","3,815","007.6","2,038","268","013.2","9,896","3,564","036.0"
"1982","61,390","7,512","012.2","49,910","3,789","007.6","2,016","290","014.4","9,469","3,434","036.3"
"1981 (17)","61,020","6,851","011.2","49,630","3,394","006.8","1,986","205","010.3","9,403","3,252","034.6"
"1980","60,310","6,217","010.3","49,290","3,032","006.2","1,933","213","011.0","9,082","2,972","032.7"
"1979 (18)","59,550","5,461","009.2","49,110","2,640","005.4","1,733","176","010.2","8,705","2,645","030.4"
"1978","57,800","5,280","009.1","47,690","2,474","005.2","1,654","152","009.2","8,458","2,654","031.4"
"1977","57,220","5,311","009.3","47,390","2,524","005.3","1,594","177","011.1","8,236","2,610","031.7"
"1976","56,710","5,311","009.4","47,500","2,606","005.5","1,500","162","010.8","7,713","2,543","033.0"
"1975","56,250","5,450","009.7","47,320","2,904","006.1","1,445","116","008.0","7,482","2,430","032.5"
"1974 (19)","55,700","4,922","008.8","47,070","2,474","005.3","1,399","125","008.9","7,230","2,324","032.1"
"1973","55,050","4,828","008.8","46,810","2,482","005.3","1,438","154","010.7","6,804","2,193","032.2"
"1972 (20)","54,370","5,075","009.3","46,310","N","N","1,452","N","N","6,607","2,158","032.7"
"1971 (21)","53,300","5,303","010.0","45,750","N","N","1,353","N","N","6,191","2,100","033.9"
"1970","52,230","5,260","010.1","44,740","N","N","1,487","N","N","6,001","1,952","032.5"
"1969","51,590","5,008","009.7","44,440","N","N","1,559","N","N","5,591","1,827","032.7"
"1968","50,510","5,047","010.0","43,840","N","N","1,228","N","N","5,441","1,755","032.3"
"1967 (22)","49,840","5,667","011.4","43,290","N","N","1,210","N","N","5,333","1,774","033.3"
"1966","48,920","5,784","011.8","42,550","N","N","1,197","N","N","5,171","1,721","033.1"
"1965","48,280","6,721","013.9","42,110","N","N","1,179","N","N","4,992","1,916","038.4"
"1964","47,840","7,160","015.0","41,650","N","N","1,182","N","N","5,006","1,822","036.4"
"1963","47,440","7,554","015.9","41,310","N","N","1,243","N","N","4,882","1,972","040.4"
"1962","47,000","8,077","017.2","40,920","N","N","1,334","N","N","4,741","2,034","042.9"
"1961","46,340","8,391","018.1","40,410","N","N","1,293","N","N","4,643","1,954","042.1"
"1960","45,440","8,243","018.1","39,620","N","N","1,202","N","N","4,609","1,955","042.4"
"1959","45,050","8,320","018.5","39,340","N","N","1,226","N","N","4,493","1,916","042.6"
"All Races - With Children Under 18 Years","","","","","","","","","","","",""
"Year","All families","","","Married-couple families","","","Families with a male householder, no spouse present","","","Families with a female householder, no spouse present","",""
"","Total","Below poverty","","Total","Below poverty","","Total","Below poverty","","Total","Below poverty",""
"","","Number","Percent","","Number","Percent","","Number","Percent","","Number","Percent"
"2022","36,390","4,604","012.7","24,650","1,339","005.4","3,122","508","016.3","8,616","2,758","032.0"
"2021","37,090","4,754","012.8","24,490","1,329","005.4","3,308","513","015.5","9,290","2,912","031.3"
"2020 (1)","37,060","4,899","013.2","24,450","1,442","005.9","3,316","474","014.3","9,291","2,983","032.1"
"2019","36,880","4,459","012.1","24,960","1,279","005.1","3,126","477","015.3","8,791","2,703","030.7"
"2018","37,480","5,091","013.6","25,130","1,466","005.8","3,185","530","016.6","9,167","3,095","033.8"
"2017 (2)","38,060","5,417","014.2","25,430","1,536","006.0","3,131","548","017.5","9,503","3,333","035.1"
"2017","37,980","5,435","014.3","25,230","1,622","006.4","3,165","512","016.2","9,587","3,301","034.4"
"2016","37,980","5,688","015.0","25,100","1,666","006.6","3,095","534","017.3","9,789","3,488","035.6"
"2015","38,320","6,252","016.3","25,120","1,885","007.5","3,105","685","022.1","10,100","3,682","036.5"
"2014","38,740","6,813","017.6","25,540","2,100","008.2","3,024","664","022.0","10,170","4,048","039.8"
"2013 (3)","39,680","7,181","018.1","25,810","2,035","007.9","3,293","709","021.5","10,580","4,437","042.0"
"2013 (4)","38,350","6,482","016.9","25,340","1,937","007.6","3,080","607","019.7","9,930","3,937","039.6"
"2012","38,470","7,063","018.4","25,270","2,246","008.9","3,169","717","022.6","10,030","4,099","040.9"
"2011","38,440","7,111","018.5","25,080","2,216","008.8","2,976","652","021.9","10,380","4,243","040.9"
"2010 (5)","38,650","7,145","018.5","25,690","2,309","009.0","2,789","673","024.1","10,180","4,163","040.9"
"2009","38,820","6,630","017.1","26,120","2,161","008.3","2,829","670","023.7","9,872","3,800","038.5"
"2008","38,960","6,104","015.7","26,490","1,989","007.5","2,676","471","017.6","9,796","3,645","037.2"
"2007","38,870","5,830","015.0","26,450","1,765","006.7","2,700","471","017.5","9,718","3,593","037.0"
"2006","39,780","5,822","014.6","27,320","1,746","006.4","2,569","461","017.9","9,894","3,615","036.5"
"2005","39,390","5,729","014.5","27,150","1,777","006.5","2,609","459","017.6","9,638","3,493","036.2"
"2004 (6)","39,380","5,819","014.8","27,140","1,903","007.0","2,562","439","017.1","9,676","3,477","035.9"
"2003","39,030","5,772","014.8","26,960","1,885","007.0","2,456","470","019.1","9,614","3,416","035.5"
"2002","38,850","5,397","013.9","27,050","1,831","006.8","2,380","395","016.6","9,414","3,171","033.7"
"2001","38,430","5,138","013.4","26,930","1,643","006.1","2,325","412","017.7","9,171","3,083","033.6"
"2000 (7)","38,190","4,866","012.7","27,120","1,615","006.0","2,256","345","015.3","8,813","2,906","033.0"
"1999 (8)","37,690","5,210","013.8","26,690","1,711","006.4","2,200","360","016.3","8,793","3,139","035.7"
"1998","37,270","5,628","015.1","26,230","1,822","006.9","2,107","350","016.6","8,934","3,456","038.7"
"1997","37,430","5,884","015.7","26,430","1,863","007.1","2,175","407","018.7","8,822","3,614","041.0"
"1996","37,200","6,131","016.5","26,180","1,964","007.5","2,063","412","020.0","8,957","3,755","041.9"
"1995 (9)","36,720","5,976","016.3","26,030","1,961","007.5","1,934","381","019.7","8,751","3,634","041.5"
"1994 (10)","36,780","6,408","017.4","26,370","2,197","008.3","1,750","395","022.6","8,665","3,816","044.0"
"1993 (11)","36,460","6,751","018.5","26,120","2,363","009.0","1,577","354","022.5","8,758","4,034","046.1"
"1992 (12)","35,850","6,457","018.0","25,910","2,237","008.6","1,569","353","022.5","8,375","3,867","046.2"
"1991 (13)","34,860","6,170","017.7","25,360","2,106","008.3","1,513","297","019.6","7,991","3,767","047.1"
"1990","34,500","5,676","016.4","25,410","1,990","007.8","1,386","260","018.8","7,707","3,426","044.5"
"1989","34,280","5,308","015.5","25,480","1,872","007.3","1,358","246","018.1","7,445","3,190","042.8"
"1988 (14)","34,250","5,373","015.7","25,600","1,847","007.2","1,292","232","018.0","7,361","3,294","044.7"
"1987 (14)","34,000","5,465","016.1","25,460","1,963","007.7","1,316","221","016.8","7,216","3,281","045.5"
"1986","33,800","5,516","016.3","25,570","2,050","008.0","1,136","202","017.8","7,094","3,264","046.0"
"1985 (15)","33,540","5,586","016.7","25,500","2,258","008.9","1,147","197","017.1","6,892","3,131","045.4"
"1984 (16)","32,940","5,662","017.2","25,040","2,344","009.4","1,072","194","018.1","6,832","3,124","045.7"
"1983","32,790","5,871","017.9","25,220","2,557","010.1","949","192","020.2","6,622","3,122","047.1"
"1982","32,570","5,712","017.5","25,280","2,470","009.8","892","184","020.6","6,397","3,059","047.8"
"1981 (17)","32,590","5,191","015.9","25,280","2,199","008.7","822","115","014.0","6,488","2,877","044.3"
"1980","32,770","4,822","014.7","25,670","1,974","007.7","802","144","018.0","6,299","2,703","042.9"
"1979 (18)","32,400","4,081","012.6","25,620","1,573","006.1","747","116","015.5","6,035","2,392","039.6"
"1978","31,740","4,060","012.8","25,200","1,495","005.9","699","103","014.7","5,837","2,462","042.2"
"1977","31,640","4,081","012.9","25,280","1,602","006.3","644","95","014.8","5,709","2,384","041.8"
"1976","31,430","4,060","012.9","25,520","1,623","006.4","609","94","015.4","5,310","2,343","044.1"
"1975","31,380","4,172","013.3","25,700","1,855","007.2","554","65","011.7","5,119","2,252","044.0"
"1974 (19)","31,320","3,789","012.1","25,860","1,558","006.0","545","84","015.4","4,917","2,147","043.7"
"1973","30,980","3,520","011.4","25,980","N","N","397","N","N","4,597","1,987","043.2"
"1972 (20)","30,810","3,621","011.8","26,090","N","N","401","N","N","4,321","1,925","044.5"
"1971 (21)","30,730","3,683","012.0","26,200","N","N","447","N","N","4,077","1,830","044.9"
"1970","30,070","3,491","011.6","25,790","N","N","444","N","N","3,837","1,680","043.8"
"1969","29,830","3,226","010.8","26,080","N","N","360","N","N","3,384","1,519","044.9"
"1968","29,330","3,347","011.4","25,680","N","N","372","N","N","3,269","1,459","044.6"
"1967 (22)","29,030","3,586","012.4","25,480","N","N","360","N","N","3,190","1,418","044.5"
"1966","28,590","3,734","013.4","25,200","N","N","436","N","N","2,959","1,410","047.1"
"1965","28,100","4,379","015.6","24,830","N","N","398","N","N","2,873","1,499","052.2"
"1964","28,280","4,771","016.9","25,020","N","N","367","N","N","2,893","1,439","049.7"
"1963","28,320","4,991","017.6","25,080","N","N","400","N","N","2,833","1,578","055.7"
"1962","28,170","5,460","019.4","24,990","N","N","483","N","N","2,701","1,613","059.7"
"1961","27,600","5,500","019.9","24,510","N","N","404","N","N","2,687","1,505","056.0"
"1960","27,100","5,328","019.7","24,160","N","N","319","N","N","2,619","1,476","056.3"
"1959","26,990","5,443","020.3","24,100","N","N","349","N","N","2,544","1,525","059.9"
"White Alone - With and Without Children Under 18 Years (23)","","","","","","","","","","","",""
"Year","All families","","","Married-couple families","","","Families with a male householder, no spouse present","","","Families with a female householder, no spouse present","",""
"","Total","Below poverty","","Total","Below poverty","","Total","Below poverty","","Total","Below poverty",""
"","","Number","Percent","","Number","Percent","","Number","Percent","","Number","Percent"
"2022","65,670","5,136","007.8","51,050","2,480","004.9","5,092","542","010.6","9,522","2,114","022.2"
"2021","65,970","4,846","007.3","50,760","2,222","004.4","5,251","580","011.1","9,958","2,044","020.5"
"2020 (1)","65,710","4,910","007.5","50,740","2,263","004.5","5,009","481","009.6","9,958","2,166","021.8"
"2019","66,100","4,323","006.5","51,850","1,936","003.7","4,734","477","010.1","9,514","1,909","020.1"
"2018","66,130","5,004","007.6","51,640","2,258","004.4","4,744","492","010.4","9,745","2,253","023.1"
"2017 (2)","66,060","5,135","007.8","51,580","2,210","004.3","4,687","555","011.9","9,803","2,370","024.2"
"2017","65,680","5,170","007.9","51,040","2,287","004.5","4,740","520","011.0","9,898","2,363","023.9"
"2016","65,750","5,433","008.3","50,830","2,397","004.7","4,773","547","011.5","10,140","2,489","024.5"
"2015","65,270","5,743","008.8","50,590","2,539","005.0","4,643","610","013.1","10,040","2,594","025.8"
"2014","64,950","6,310","009.7","50,490","2,944","005.8","4,448","595","013.4","10,010","2,771","027.7"
"2013 (3)","65,840","6,526","009.9","50,540","2,647","005.2","4,850","766","015.8","10,440","3,113","029.8"
"2013 (4)","64,700","6,032","009.3","50,210","2,677","005.3","4,635","649","014.0","9,862","2,706","027.4"
"2012","64,740","6,299","009.7","50,170","2,875","005.7","4,592","651","014.2","9,972","2,774","027.8"
"2011","64,630","6,334","009.8","50,060","2,863","005.7","4,348","614","014.1","10,220","2,857","028.0"
"2010 (5)","63,980","6,305","009.9","50,020","2,921","005.8","4,176","563","013.5","9,784","2,822","028.8"
"2009","64,150","5,994","009.3","50,180","2,694","005.4","4,196","629","015.0","9,769","2,671","027.3"
"2008","64,180","5,414","008.4","50,780","2,548","005.0","3,999","499","012.5","9,405","2,368","025.2"
"2007","63,600","5,046","007.9","50,270","2,265","004.5","3,892","451","011.6","9,434","2,330","024.7"
"2006","64,120","5,118","008.0","50,750","2,278","004.5","3,809","440","011.5","9,563","2,400","025.1"
"2005","63,410","5,068","008.0","50,370","2,317","004.6","3,906","439","011.2","9,139","2,312","025.3"
"2004 (6)","63,080","5,293","008.4","50,160","2,585","005.2","3,728","434","011.6","9,198","2,273","024.7"
"2003","62,620","5,058","008.1","50,030","2,504","005.0","3,537","383","010.8","9,058","2,171","024.0"
"2002","62,310","4,862","007.8","49,920","2,510","005.0","3,505","349","009.9","8,885","2,004","022.6"
"White Alone - With Children Under 18 Years (23)","","","","","","","","","","","",""
"Year","All families","","","Married-couple families","","","Families with a male householder, no spouse present","","","Families with a female householder, no spouse present","",""
"","Total","Below poverty","","Total","Below poverty","","Total","Below poverty","","Total","Below poverty",""
"","","Number","Percent","","Number","Percent","","Number","Percent","","Number","Percent"
"2022","27,110","3,094","011.4","19,540","1,066","005.5","2,301","347","015.1","5,278","1,681","031.9"
"2021","27,590","2,969","010.8","19,450","968","005.0","2,416","353","014.6","5,719","1,648","028.8"
"2020 (1)","27,630","3,224","011.7","19,430","1,131","005.8","2,381","294","012.3","5,823","1,799","030.9"
"2019","27,600","2,870","010.4","19,790","991","005.0","2,336","297","012.7","5,476","1,581","028.9"
"2018","28,160","3,246","011.5","20,030","1,086","005.4","2,366","315","013.3","5,761","1,845","032.0"
"2017 (2)","28,540","3,499","012.3","20,320","1,138","005.6","2,376","362","015.2","5,843","1,999","034.2"
"2017","28,470","3,561","012.5","20,160","1,232","006.1","2,396","335","014.0","5,914","1,994","033.7"
"2016","28,530","3,685","012.9","20,080","1,255","006.3","2,336","348","014.9","6,114","2,082","034.1"
"2015","28,920","4,124","014.3","20,310","1,490","007.3","2,330","447","019.2","6,278","2,186","034.8"
"2014","29,290","4,355","014.9","20,720","1,628","007.9","2,230","406","018.2","6,335","2,321","036.6"
"2013 (3)","30,280","4,851","016.0","21,010","1,610","007.7","2,519","507","020.1","6,755","2,734","040.5"
"2013 (4)","29,140","4,116","014.1","20,590","1,449","007.0","2,274","389","017.1","6,270","2,279","036.3"
"2012","29,260","4,564","015.6","20,670","1,722","008.3","2,344","480","020.5","6,237","2,362","037.9"
"2011","29,320","4,643","015.8","20,530","1,709","008.3","2,231","448","020.1","6,554","2,486","037.9"
"2010 (5)","29,680","4,658","015.7","21,190","1,799","008.5","2,098","433","020.6","6,389","2,426","038.0"
"2009","30,120","4,413","014.7","21,710","1,687","007.8","2,106","454","021.5","6,300","2,272","036.1"
"2008","30,240","3,918","013.0","22,100","1,543","007.0","2,034","318","015.6","6,110","2,057","033.7"
"2007","30,300","3,785","012.5","22,120","1,408","006.4","2,094","324","015.4","6,087","2,053","033.7"
"2006","31,140","3,773","012.1","22,840","1,348","005.9","1,957","308","015.7","6,344","2,118","033.4"
"2005","30,840","3,682","011.9","22,860","1,392","006.1","1,986","296","014.9","5,994","1,993","033.3"
"2004 (6)","30,890","3,839","012.4","22,790","1,530","006.7","1,969","302","015.3","6,136","2,007","032.7"
"2003","30,440","3,698","012.1","22,630","1,499","006.6","1,813","287","015.9","6,003","1,912","031.8"
"2002","30,500","3,488","011.4","22,840","1,494","006.5","1,793","250","014.0","5,867","1,744","029.7"
"White - With and Without Children Under 18 Years (24)","","","","","","","","","","","",""
"Year","All families","","","Married-couple families","","","Families with a male householder, no spouse present","","","Families with a female householder, no spouse present","",""
"","Total","Below poverty","","Total","Below poverty","","Total","Below poverty","","Total","Below poverty",""
"","","Number","Percent","","Number","Percent","","Number","Percent","","Number","Percent"
"2001","61,650","4,579","007.4","49,610","2,242","004.5","3,394","398","011.7","8,641","1,939","022.4"
"2000 (7)","61,330","4,333","007.1","49,470","2,181","004.4","3,283","332","010.1","8,574","1,820","021.2"
"1999 (8)","61,070","4,447","007.3","49,490","2,207","004.5","3,118","340","010.9","8,462","1,901","022.5"
"1998","60,080","4,829","008.0","48,460","2,400","005.0","3,087","306","009.9","8,529","2,123","024.9"
"1997","59,520","4,990","008.4","48,070","2,312","004.8","3,137","374","011.9","8,308","2,305","027.7"
"1996","58,930","5,059","008.6","47,650","2,416","005.1","2,945","367","012.5","8,339","2,276","027.3"
"1995 (9)","58,870","4,994","008.5","47,880","2,443","005.1","2,711","351","012.9","8,284","2,200","026.6"
"1994 (10)","58,440","5,312","009.1","47,910","2,629","005.5","2,508","354","014.1","8,031","2,329","029.0"
"1993 (11)","57,880","5,452","009.4","47,450","2,757","005.8","2,298","319","013.9","8,131","2,376","029.2"
"1992 (12)","57,670","5,255","009.1","47,380","2,677","005.7","2,418","333","013.8","7,868","2,245","028.5"
"1991 (13)","57,230","5,022","008.8","47,120","2,573","005.5","2,374","257","010.8","7,727","2,192","028.4"
"1990","56,800","4,622","008.1","47,010","2,386","005.1","2,277","226","009.9","7,512","2,010","026.8"
"1989","56,590","4,409","007.8","46,980","2,329","005.0","2,303","223","009.7","7,306","1,858","025.4"
"1988 (14)","56,490","4,471","007.9","46,880","2,294","004.9","2,274","231","010.2","7,342","1,945","026.5"
"1987 (14)","56,090","4,567","008.1","46,510","2,382","005.1","2,279","224","009.8","7,297","1,961","026.9"
"1986","55,680","4,811","008.6","46,410","2,591","005.6","2,038","179","008.8","7,227","2,041","028.2"
"1985 (15)","54,990","4,983","009.1","45,920","2,815","006.1","1,956","218","011.2","7,111","1,950","027.4"
"1984 (16)","54,400","4,925","009.1","45,640","2,858","006.3","1,816","189","010.4","6,941","1,878","027.1"
"1983","53,890","5,220","009.7","45,470","3,125","006.9","1,624","168","010.4","6,796","1,926","028.3"
"1982","53,410","5,118","009.6","45,250","3,104","006.9","1,648","201","012.2","6,507","1,813","027.9"
"1981 (17)","53,270","4,670","008.8","45,010","2,712","006.0","1,642","145","008.8","6,620","1,814","027.4"
"1980","52,710","4,195","008.0","44,860","2,437","005.4","1,584","149","009.4","6,266","1,609","025.7"
"1979 (18)","52,240","3,581","006.9","44,750","2,099","004.7","1,441","132","009.2","6,052","1,350","022.3"
"1978","50,910","3,523","006.9","43,640","2,033","004.7","1,356","99","007.3","5,918","1,391","023.5"
"1977","50,530","3,540","007.0","43,420","2,028","004.7","1,279","112","008.8","5,828","1,400","024.0"
"1976","50,080","3,560","007.1","43,400","2,071","004.8","1,219","110","009.0","5,467","1,379","025.2"
"1975","49,870","3,838","007.7","43,310","2,363","005.5","1,182","81","006.9","5,380","1,394","025.9"
"1974 (19)","49,440","3,352","006.8","43,050","1,977","004.6","1,182","86","007.3","5,208","1,289","024.8"
"1973","48,920","3,219","006.6","43,810","2,306","005.3","N","N","N","4,853","1,190","024.5"
"1972 (20)","48,480","3,441","007.1","42,590","N","N","1,220","N","N","4,672","1,135","024.3"
"1971 (21)","47,640","3,751","007.9","42,040","N","N","1,113","N","N","4,489","1,191","026.5"
"1970","46,600","3,708","008.0","41,090","N","N","1,101","N","N","4,408","1,102","025.0"
"1969","46,260","3,574","007.7","40,800","N","N","1,294","N","N","4,165","1,069","025.7"
"1968","45,440","3,616","008.0","40,360","N","N","1,029","N","N","4,053","1,021","025.2"
"1967 (22)","44,810","4,056","009.1","39,820","N","N","984","N","N","4,008","1,037","025.9"
"1966","44,020","4,106","009.3","39,010","N","N","999","N","N","4,010","1,036","025.7"
"1965","43,500","4,824","011.1","38,630","N","N","1,004","N","N","3,860","1,196","031.0"
"1964","43,080","5,258","012.2","38,170","N","N","1,028","N","N","3,882","1,125","029.0"
"1963","42,660","5,466","012.8","37,800","N","N","1,067","N","N","3,797","1,191","031.4"
"1962","42,440","5,887","013.9","37,660","N","N","1,153","N","N","3,627","1,230","033.9"
"1961","41,890","6,205","014.8","37,190","N","N","1,095","N","N","3,608","1,208","033.5"
"1960","41,100","6,115","014.9","36,400","N","N","1,031","N","N","3,673","1,252","034.0"
"1959","40,820","6,185","015.2","36,220","N","N","1,056","N","N","3,547","1,233","034.8"
"White - With Children Under 18 Years (24)","","","","","","","","","","","",""
"Year","All families","","","Married-couple families","","","Families with a male householder, no spouse present","","","Families with a female householder, no spouse present","",""
"","Total","Below poverty","","Total","Below poverty","","Total","Below poverty","","Total","Below poverty",""
"","","Number","Percent","","Number","Percent","","Number","Percent","","Number","Percent"
"2001","30,430","3,313","010.9","22,850","1,318","005.8","1,817","291","016.0","5,759","1,704","029.6"
"2000 (7)","30,420","3,171","010.4","23,050","1,333","005.8","1,796","244","013.6","5,579","1,594","028.6"
"1999 (8)","30,050","3,288","010.9","22,820","1,365","006.0","1,697","251","014.8","5,533","1,672","030.2"
"1998","29,980","3,665","012.2","22,630","1,503","006.6","1,660","237","014.3","5,691","1,926","033.8"
"1997","30,060","3,895","013.0","22,780","1,516","006.7","1,774","311","017.5","5,502","2,069","037.6"
"1996","29,830","3,863","013.0","22,760","1,548","006.8","1,568","283","018.0","5,501","2,032","036.9"
"1995 (9)","29,710","3,839","012.9","22,660","1,583","007.0","1,496","276","018.4","5,554","1,980","035.6"
"1994 (10)","29,550","4,025","013.6","22,840","1,708","007.5","1,319","253","019.2","5,390","2,064","038.3"
"1993 (11)","29,230","4,226","014.5","22,670","1,868","008.2","1,203","235","019.5","5,361","2,123","039.6"
"1992 (12)","28,790","4,020","014.0","22,440","1,753","007.8","1,251","246","019.7","5,099","2,021","039.6"
"1991 (13)","28,370","3,880","013.7","22,210","1,715","007.7","1,187","197","016.5","4,968","1,969","039.6"
"1990","28,120","3,553","012.6","22,290","1,572","007.1","1,042","167","016.0","4,786","1,814","037.9"
"1989","27,980","3,290","011.8","22,270","1,457","006.5","1,079","162","015.0","4,627","1,671","036.1"
"1988 (14)","28,000","3,321","011.9","22,440","1,434","006.4","1,011","147","014.5","4,553","1,740","038.2"
"1987 (14)","27,930","3,433","012.3","22,340","1,538","006.9","1,046","153","014.6","4,548","1,742","038.3"
"1986","27,930","3,637","013.0","22,470","1,692","007.5","911","132","014.5","4,552","1,812","039.8"
"1985 (15)","27,800","3,695","013.3","22,400","1,827","008.2","926","138","014.9","4,470","1,730","038.7"
"1984 (16)","27,380","3,679","013.4","22,180","1,879","008.5","862","117","013.6","4,337","1,682","038.8"
"1983","27,300","3,859","014.1","22,360","2,060","009.2","732","123","016.8","4,210","1,676","039.8"
"1982","27,120","3,709","013.7","22,390","2,005","009.0","692","120","017.4","4,037","1,584","039.3"
"1981 (17)","27,220","3,362","012.4","22,330","1,723","007.7","652","75","011.6","4,237","1,564","036.9"
"1980","27,420","3,078","011.2","22,790","1,544","006.8","628","100","016.0","3,995","1,433","035.9"
"1979 (18)","27,330","2,509","009.2","22,880","1,216","005.3","584","82","014.1","3,866","1,211","031.3"
"1978","26,910","2,513","009.3","22,600","1,185","005.2","526","60","011.4","3,780","1,268","033.5"
"1977","26,920","2,572","009.6","22,700","1,256","005.5","486","55","011.3","3,735","1,261","033.8"
"1976","26,810","2,566","009.6","22,870","1,242","005.4","484","64","013.2","3,456","1,260","036.4"
"1975","26,980","2,776","010.3","23,130","1,456","006.3","435","48","011.0","3,406","1,272","037.3"
"1974 (19)","26,890","2,430","009.0","N","N","N","N","N","N","3,244","1,180","036.4"
"1973","26,690","2,177","008.2","N","N","N","N","N","N","2,988","1,053","035.2"
"1972 (20)","26,760","2,238","008.4","N","N","N","N","N","N","2,748","970","035.3"
"1971 (21)","26,750","2,372","008.9","N","N","N","N","N","N","2,664","982","036.9"
"1970","26,260","2,219","008.5","N","N","N","N","N","N","N","N","N"
"1969","26,310","2,089","007.9","N","N","N","N","N","N","N","N","N"
"1968","25,800","2,176","008.4","N","N","N","N","N","N","N","792","036.0"
"1967 (22)","25,530","2,276","008.9","N","N","N","N","N","N","N","748","034.9"
"1966","N","2,400","009.5","N","N","N","N","N","N","N","803","038.4"
"1965","N","2,858","011.5","N","N","N","N","N","N","N","867","043.2"
"1964","N","3,205","012.8","N","N","N","N","N","N","N","814","040.3"
"1963","25,060","3,328","013.3","N","N","N","N","N","N","N","882","045.0"
"1962","N","3,673","014.7","N","N","N","N","N","N","N","908","049.2"
"1961","N","3,785","015.4","N","N","N","N","N","N","N","892","046.4"
"1960","N","3,690","015.3","N","N","N","N","N","N","N","905","047.1"
"1959","24,150","3,812","015.8","N","N","N","N","N","N","N","948","051.7"
"White Alone, Not Hispanic - With and Without Children Under 18 Years (23)","","","","","","","","","","","",""
"Year","All families","","","Married-couple families","","","Families with a male householder, no spouse present","","","Families with a female householder, no spouse present","",""
"","Total","Below poverty","","Total","Below poverty","","Total","Below poverty","","Total","Below poverty",""
"","","Number","Percent","","Number","Percent","","Number","Percent","","Number","Percent"
"2022","52,990","3,234","006.1","42,910","1,666","003.9","3,410","305","009.0","6,670","1,262","018.9"
"2021","53,490","3,002","005.6","42,920","1,450","003.4","3,556","340","009.6","7,013","1,212","017.3"
"2020 (1)","53,520","3,105","005.8","43,020","1,486","003.5","3,530","308","008.7","6,976","1,311","018.8"
"2019","54,310","2,696","005.0","44,230","1,216","002.7","3,386","332","009.8","6,695","1,148","017.1"
"2018","54,240","3,153","005.8","43,960","1,467","003.3","3,361","324","009.6","6,919","1,362","019.7"
"2017 (2)","54,180","3,187","005.9","43,850","1,421","003.2","3,387","367","010.8","6,938","1,399","020.2"
"2017","53,850","3,233","006.0","43,410","1,506","003.5","3,425","335","009.8","7,017","1,392","019.8"
"2016","54,060","3,406","006.3","43,300","1,505","003.5","3,409","348","010.2","7,352","1,552","021.1"
"2015","53,800","3,460","006.4","43,230","1,514","003.5","3,351","376","011.2","7,221","1,569","021.7"
"2014","53,760","3,927","007.3","43,370","1,838","004.2","3,242","395","012.2","7,150","1,694","023.7"
"2013 (3)","54,710","4,010","007.3","43,800","1,674","003.8","3,568","442","012.4","7,345","1,894","025.8"
"2013 (4)","53,810","3,717","006.9","43,300","1,679","003.9","3,401","430","012.6","7,110","1,608","022.6"
"2012","54,020","3,835","007.1","43,310","1,735","004.0","3,388","387","011.4","7,321","1,713","023.4"
"2011","54,150","3,955","007.3","43,380","1,787","004.1","3,231","403","012.5","7,541","1,766","023.4"
"2010 (5)","53,790","3,880","007.2","43,510","1,802","004.1","3,058","336","011.0","7,220","1,743","024.1"
"2009","54,460","3,797","007.0","43,970","1,697","003.9","3,200","399","012.5","7,294","1,701","023.3"
"2008","54,450","3,383","006.2","44,280","1,545","003.5","3,069","365","011.9","7,100","1,473","020.7"
"2007","53,930","3,184","005.9","43,760","1,388","003.2","2,991","308","010.3","7,178","1,489","020.7"
"2006","54,660","3,372","006.2","44,340","1,436","003.2","2,924","309","010.6","7,390","1,628","022.0"
"2005","54,260","3,285","006.1","44,120","1,450","003.3","3,003","298","009.9","7,138","1,537","021.5"
"2004 (6)","54,260","3,505","006.5","44,210","1,710","003.9","2,892","304","010.5","7,164","1,491","020.8"
"2003","54,030","3,270","006.1","44,200","1,575","003.6","2,710","241","008.9","7,121","1,455","020.4"
"2002","53,860","3,208","006.0","44,110","1,628","003.7","2,679","207","007.7","7,072","1,374","019.4"
"White Alone, Not Hispanic - With Children Under 18 Years (23)","","","","","","","","","","","",""
"Year","All families","","","Married-couple families","","","Families with a male householder, no spouse present","","","Families with a female householder, no spouse present","",""
"","Total","Below poverty","","Total","Below poverty","","Total","Below poverty","","Total","Below poverty",""
"","","Number","Percent","","Number","Percent","","Number","Percent","","Number","Percent"
"2022","20,160","1,723","008.5","15,190","556","003.7","1,521","195","012.9","3,451","972","028.2"
"2021","20,490","1,609","007.9","15,100","465","003.1","1,615","202","012.5","3,773","942","025.0"
"2020 (1)","20,510","1,799","008.8","15,040","562","003.7","1,646","182","011.0","3,824","1,055","027.6"
"2019","20,630","1,610","007.8","15,380","478","003.1","1,667","209","012.5","3,578","923","025.8"
"2018","21,010","1,783","008.5","15,580","521","003.3","1,633","182","011.1","3,788","1,079","028.5"
"2017 (2)","21,300","1,929","009.1","15,690","566","003.6","1,702","222","013.1","3,905","1,141","029.2"
"2017","21,240","1,996","009.4","15,560","653","004.2","1,718","198","011.5","3,963","1,146","028.9"
"2016","21,310","2,060","009.7","15,510","591","003.8","1,597","199","012.4","4,202","1,270","030.2"
"2015","21,720","2,277","010.5","15,840","702","004.4","1,608","268","016.7","4,268","1,306","030.6"
"2014","22,190","2,401","010.8","16,350","788","004.8","1,599","256","016.0","4,237","1,357","032.0"
"2013 (3)","23,350","2,782","011.9","17,000","892","005.2","1,840","279","015.1","4,507","1,612","035.8"
"2013 (4)","22,180","2,275","010.3","16,330","700","004.3","1,619","238","014.7","4,236","1,337","031.6"
"2012","22,330","2,510","011.2","16,370","820","005.0","1,686","274","016.3","4,275","1,415","033.1"
"2011","22,380","2,618","011.7","16,240","846","005.2","1,597","276","017.3","4,539","1,496","033.0"
"2010 (5)","22,810","2,573","011.3","16,900","872","005.2","1,475","253","017.2","4,436","1,447","032.6"
"2009","23,580","2,553","010.8","17,580","854","004.9","1,550","286","018.5","4,449","1,412","031.7"
"2008","23,660","2,201","009.3","17,750","738","004.2","1,538","217","014.1","4,368","1,246","028.5"
"2007","23,760","2,176","009.2","17,730","678","003.8","1,633","215","013.2","4,398","1,283","029.2"
"2006","24,670","2,296","009.3","18,490","683","003.7","1,521","208","013.6","4,650","1,405","030.2"
"2005","24,600","2,171","008.8","18,580","661","003.6","1,534","201","013.1","4,487","1,308","029.2"
"2004 (6)","24,770","2,294","009.3","18,700","800","004.3","1,506","207","013.8","4,562","1,287","028.2"
"2003","24,510","2,185","008.9","18,630","746","004.0","1,358","170","012.5","4,518","1,269","028.1"
"2002","24,670","2,088","008.5","18,880","781","004.1","1,315","137","010.4","4,470","1,170","026.2"
"White, Not Hispanic - With and Without Children Under 18 Years (24)","","","","","","","","","","","",""
"Year","All families","","","Married-couple families","","","Families with a male householder, no spouse present","","","Families with a female householder, no spouse present","",""
"","Total","Below poverty","","Total","Below poverty","","Total","Below poverty","","Total","Below poverty",""
"","","Number","Percent","","Number","Percent","","Number","Percent","","Number","Percent"
"2001","53,630","3,051","005.7","44,120","1,477","003.3","2,618","270","010.3","6,886","1,305","019.0"
"2000 (7)","53,730","2,896","005.4","44,280","1,435","003.2","2,559","236","009.2","6,891","1,226","017.8"
"1999 (8)","53,700","2,953","005.5","44,440","1,474","003.3","2,481","231","009.3","6,770","1,248","018.4"
"1998","53,110","3,264","006.1","43,670","1,639","003.8","2,530","197","007.8","6,909","1,428","020.7"
"1997","52,880","3,357","006.3","43,430","1,501","003.5","2,622","258","009.8","6,826","1,598","023.4"
"1996","52,630","3,433","006.5","43,280","1,628","003.8","2,475","267","010.8","6,875","1,538","022.4"
"1995 (9)","52,860","3,384","006.4","43,770","1,664","003.8","2,298","257","011.2","6,792","1,463","021.5"
"1994 (10)","53,030","3,833","007.2","44,180","1,915","004.3","2,087","241","011.5","6,764","1,678","024.8"
"1993 (11)","52,470","3,988","007.6","43,750","2,042","004.7","1,927","248","012.9","6,798","1,699","025.0"
"1992 (12)","52,300","3,840","007.3","43,660","1,978","004.5","2,011","225","011.2","6,629","1,637","024.7"
"1991 (13)","52,290","3,719","007.1","43,720","1,918","004.4","2,011","190","009.4","6,553","1,610","024.6"
"1990","52,040","3,442","006.6","43,680","1,799","004.1","1,948","163","008.4","6,408","1,480","023.1"
"1989","52,000","3,325","006.4","43,710","1,798","004.1","1,990","172","008.6","6,255","1,355","021.7"
"1988 (14)","51,850","3,373","006.5","43,590","1,763","004.0","1,972","184","009.3","6,287","1,426","022.7"
"1987 (14)","51,700","3,466","006.7","43,420","1,847","004.3","1,993","177","008.9","6,287","1,443","023.0"
"1986","51,430","3,768","007.3","43,370","2,081","004.8","1,801","144","008.0","6,255","1,542","024.7"
"1985 (15)","50,910","3,948","007.8","43,040","2,316","005.4","1,696","172","010.1","6,180","1,460","023.6"
"1984 (16)","50,560","3,972","007.9","42,870","2,400","005.6","1,610","150","009.3","6,081","1,422","023.4"
"1983","50,210","4,286","008.5","42,770","2,649","006.2","1,458","135","009.3","5,982","1,501","025.1"
"1982","50,120","4,237","008.5","42,850","2,648","006.2","1,497","176","011.8","5,778","1,413","024.5"
"1981 (17)","50,070","3,907","007.8","42,650","2,353","005.5","1,503","119","007.9","5,910","1,436","024.3"
"1980","49,580","3,470","007.0","42,560","2,083","004.9","1,427","123","008.6","5,593","1,264","022.6"
"1979 (18)","49,310","2,989","006.1","42,530","1,810","004.3","1,309","117","008.9","5,473","1,062","019.4"
"1978","48,030","2,908","006.1","41,570","1,790","004.3","1,221","71","005.8","5,236","1,047","020.0"
"1977","47,660","2,889","006.1","41,340","1,750","004.2","1,167","100","008.6","5,156","1,039","020.2"
"1976","47,400","2,916","006.2","41,440","1,759","004.2","1,112","97","008.7","4,849","1,059","021.8"
"1975","47,330","3,182","006.7","41,450","2,036","004.9","1,095","67","006.1","4,786","1,079","022.5"
"1974 (19)","46,920","2,771","005.9","41,160","1,700","004.1","1,087","66","006.1","4,676","1,005","021.5"
"White, Not Hispanic - With Children Under 18 Years (24)","","","","","","","","","","","",""
"Year","All families","","","Married-couple families","","","Families with a male householder, no spouse present","","","Families with a female householder, no spouse present","",""
"","Total","Below poverty","","Total","Below poverty","","Total","Below poverty","","Total","Below poverty",""
"","","Number","Percent","","Number","Percent","","Number","Percent","","Number","Percent"
"2001","24,860","2,014","008.1","19,080","696","003.6","1,371","184","013.4","4,414","1,135","025.7"
"2000 (7)","25,060","1,940","007.7","19,360","709","003.7","1,404","173","012.3","4,305","1,058","024.6"
"1999 (8)","24,790","1,973","008.0","19,210","743","003.9","1,347","161","012.0","4,233","1,069","025.3"
"1998","25,110","2,282","009.1","19,330","859","004.5","1,355","148","010.9","4,427","1,275","028.8"
"1997","25,370","2,478","009.8","19,590","842","004.3","1,466","215","014.7","4,320","1,420","032.9"
"1996","25,380","2,424","009.6","19,730","884","004.5","1,295","190","014.7","4,357","1,351","031.0"
"1995 (9)","25,500","2,445","009.6","19,870","948","004.8","1,270","202","015.9","4,361","1,294","029.7"
"1994 (10)","25,730","2,733","010.6","20,280","1,101","005.4","1,072","161","015.0","4,386","1,471","033.5"
"1993 (11)","25,480","2,946","011.6","20,170","1,263","006.3","981","177","018.0","4,330","1,506","034.8"
"1992 (12)","25,090","2,817","011.2","19,910","1,177","005.9","1,034","166","016.1","4,150","1,474","035.5"
"1991 (13)","24,910","2,722","010.9","19,850","1,152","005.8","997","141","014.1","4,067","1,429","035.1"
"1990","24,760","2,522","010.2","19,960","1,085","005.4","878","119","013.6","3,929","1,317","033.5"
"1989","24,810","2,348","009.5","20,050","1,019","005.1","929","123","013.2","3,829","1,205","031.5"
"1988 (14)","24,800","2,366","009.5","20,170","998","004.9","889","114","012.8","3,743","1,255","033.5"
"1987 (14)","24,860","2,468","009.9","20,210","1,093","005.4","909","118","013.0","3,739","1,256","033.6"
"1986","24,950","2,725","010.9","20,380","1,269","006.2","791","106","013.4","3,772","1,350","035.8"
"1985 (15)","24,920","2,776","011.1","20,390","1,406","006.9","794","104","013.1","3,737","1,266","033.9"
"1984 (16)","24,670","2,838","011.5","20,240","1,489","007.4","763","91","011.9","3,662","1,259","034.4"
"1983","24,690","3,034","012.3","20,460","1,651","008.1","645","97","015.0","3,588","1,286","035.8"
"1982","24,730","2,939","011.9","20,650","1,619","007.8","618","105","017.0","3,454","1,215","035.2"
"1981 (17)","24,880","2,698","010.8","20,640","1,424","006.9","589","62","010.5","3,651","1,211","033.2"
"1980","25,100","2,083","008.3","21,120","1,251","005.9","550","84","015.3","3,429","1,110","032.4"
"1979 (18)","25,190","1,987","007.9","21,270","980","004.6","526","72","013.7","3,389","935","027.6"
"1978","24,780","1,976","008.0","21,120","991","004.7","463","41","008.9","3,198","944","029.5"
"1977","24,790","1,995","008.0","21,190","1,033","004.9","435","47","010.8","3,162","915","028.9"
"1976","24,850","2,007","008.1","21,470","994","004.6","441","54","012.2","2,938","958","032.6"
"1975","25,050","2,194","008.8","21,750","1,186","005.5","392","35","008.9","2,904","974","033.5"
"1974 (19)","25,010","1,914","007.7","21,840","970","004.4","383","36","009.4","2,796","908","032.5"
"Black Alone or in Combination - With and Without Children Under 18 Years","","","","","","","","","","","",""
"Year","All families","","","Married-couple families","","","Families with a male householder, no spouse present","","","Families with a female householder, no spouse present","",""
"","Total","Below poverty","","Total","Below poverty","","Total","Below poverty","","Total","Below poverty",""
"","","Number","Percent","","Number","Percent","","Number","Percent","","Number","Percent"
"2022","11,080","1,583","014.3","5,407","305","005.6","1,299","200","015.4","4,374","1,078","024.6"
"2021","10,900","1,864","017.1","5,129","358","007.0","1,285","214","016.6","4,483","1,293","028.8"
"2020 (1)","10,820","1,795","016.6","5,059","306","006.0","1,314","241","018.4","4,446","1,248","028.1"
"2019","10,530","1,689","016.0","5,084","319","006.3","1,113","189","016.9","4,332","1,181","027.3"
"2018","10,330","1,830","017.7","4,966","358","007.2","1,140","235","020.6","4,227","1,237","029.3"
"2017 (2)","10,550","1,981","018.8","5,054","374","007.4","1,082","213","019.7","4,416","1,395","031.6"
"2017","10,540","1,912","018.1","5,015","351","007.0","1,097","201","018.3","4,432","1,361","030.7"
"2016","10,440","1,976","018.9","4,986","373","007.5","1,068","217","020.3","4,387","1,386","031.6"
"2015","10,340","2,175","021.0","4,670","369","007.9","1,099","256","023.3","4,573","1,551","033.9"
"2014","10,400","2,367","022.8","4,729","412","008.7","1,196","284","023.8","4,470","1,670","037.4"
"2013 (3)","10,360","2,301","022.2","4,532","373","008.2","1,095","217","019.8","4,737","1,712","036.1"
"2013 (4)","10,410","2,402","023.1","4,909","448","009.1","1,155","268","023.2","4,344","1,686","038.8"
"2012","10,290","2,439","023.7","4,703","458","009.7","1,105","274","024.8","4,485","1,707","038.0"
"2011","10,030","2,431","024.2","4,547","426","009.4","1,002","242","024.2","4,481","1,762","039.3"
"2010 (5)","9,982","2,403","024.1","4,473","407","009.1","979","257","026.3","4,531","1,738","038.4"
"2009","9,660","2,193","022.7","4,429","383","008.6","968","241","024.9","4,264","1,569","036.8"
"2008","9,625","2,112","021.9","4,530","365","008.0","840","167","019.8","4,254","1,580","037.1"
"2007","9,506","2,091","022.0","4,461","313","007.0","827","208","025.1","4,218","1,570","037.2"
"2006","9,504","2,041","021.5","4,490","356","007.9","882","180","020.4","4,132","1,506","036.4"
"2005","9,299","2,050","022.0","4,252","348","008.2","833","178","021.3","4,215","1,524","036.2"
"2004 (6)","9,114","2,082","022.8","4,264","386","009.1","760","158","020.7","4,090","1,538","037.6"
"2003","9,131","2,021","022.1","4,259","331","007.8","804","194","024.1","4,068","1,496","036.8"
"2002","9,133","1,958","021.4","4,268","340","008.0","793","165","020.8","4,072","1,454","035.7"
"Black Alone or in Combination - With Children Under 18 Years","","","","","","","","","","","",""
"Year","All families","","","Married-couple families","","","Families with a male householder, no spouse present","","","Families with a female householder, no spouse present","",""
"","Total","Below poverty","","Total","Below poverty","","Total","Below poverty","","Total","Below poverty",""
"","","Number","Percent","","Number","Percent","","Number","Percent","","Number","Percent"
"2022","5,689","1,107","019.5","2,342","101","004.3","601","123","020.5","2,745","883","032.2"
"2021","5,785","1,380","023.9","2,216","183","008.2","630","114","018.1","2,939","1,084","036.9"
"2020 (1)","5,771","1,328","023.0","2,216","170","007.7","665","134","020.2","2,890","1,024","035.4"
"2019","5,633","1,255","022.3","2,332","158","006.8","502","127","025.3","2,800","970","034.6"
"2018","5,630","1,403","024.9","2,251","188","008.3","595","162","027.2","2,784","1,054","037.8"
"2017 (2)","5,821","1,487","025.5","2,257","203","009.0","527","141","026.8","3,037","1,143","037.6"
"2017","5,825","1,424","024.4","2,247","178","007.9","535","133","024.8","3,044","1,113","036.6"
"2016","5,891","1,529","026.0","2,334","201","008.6","473","128","027.0","3,084","1,200","038.9"
"2015","5,869","1,651","028.1","2,138","198","009.2","539","180","033.5","3,193","1,273","039.9"
"2014","5,917","1,860","031.4","2,191","232","010.6","558","183","032.7","3,168","1,445","045.6"
"2013 (3)","6,015","1,781","029.6","2,247","227","010.1","536","147","027.4","3,232","1,408","043.6"
"2013 (4)","6,020","1,918","031.9","2,339","302","012.9","588","170","028.9","3,093","1,445","046.7"
"2012","6,055","1,944","032.1","2,291","286","012.5","606","179","029.5","3,158","1,479","046.8"
"2011","5,951","1,951","032.8","2,224","272","012.2","514","148","028.8","3,213","1,532","047.7"
"2010 (5)","5,888","1,979","033.6","2,205","279","012.7","495","198","040.0","3,188","1,501","047.1"
"2009","5,877","1,787","030.4","2,264","259","011.4","535","163","030.5","3,079","1,365","044.3"
"2008","5,936","1,756","029.6","2,298","225","009.8","451","115","025.5","3,187","1,416","044.4"
"2007","5,883","1,706","029.0","2,282","194","008.5","434","128","029.5","3,167","1,385","043.7"
"2006","5,998","1,686","028.1","2,433","221","009.1","452","117","025.8","3,112","1,347","043.3"
"2005","5,930","1,679","028.3","2,310","213","009.2","442","131","029.6","3,178","1,335","042.0"
"2004 (6)","5,789","1,655","028.6","2,292","213","009.3","405","102","025.3","3,092","1,339","043.3"
"2003","5,943","1,698","028.6","2,323","210","009.1","476","146","030.7","3,144","1,341","042.7"
"2002","5,880","1,597","027.2","2,340","199","008.5","420","110","026.3","3,120","1,288","041.3"
"Black Alone - With and Without Children Under 18 Years (25)","","","","","","","","","","","",""
"Year","All families","","","Married-couple families","","","Families with a male householder, no spouse present","","","Families with a female householder, no spouse present","",""
"","Total","Below poverty","","Total","Below poverty","","Total","Below poverty","","Total","Below poverty",""
"","","Number","Percent","","Number","Percent","","Number","Percent","","Number","Percent"
"2022","10,440","1,493","014.3","5,089","287","005.6","1,208","188","015.6","4,147","1,018","024.5"
"2021","10,310","1,790","017.4","4,819","345","007.2","1,220","195","016.0","4,267","1,250","029.3"
"2020 (1)","10,230","1,721","016.8","4,756","294","006.2","1,232","231","018.8","4,246","1,196","028.2"
"2019","9,954","1,618","016.3","4,758","303","006.4","1,050","181","017.2","4,147","1,134","027.3"
"2018","9,772","1,730","017.7","4,664","332","007.1","1,073","212","019.8","4,035","1,187","029.4"
"2017 (2)","10,030","1,898","018.9","4,760","344","007.2","1,034","203","019.6","4,240","1,352","031.9"
"2017","10,020","1,825","018.2","4,722","323","006.8","1,046","194","018.5","4,256","1,309","030.8"
"2016","9,975","1,893","019.0","4,749","355","007.5","1,013","207","020.4","4,213","1,332","031.6"
"2015","9,848","2,082","021.1","4,435","354","008.0","1,024","241","023.5","4,388","1,487","033.9"
"2014","9,909","2,265","022.9","4,488","399","008.9","1,133","270","023.9","4,289","1,596","037.2"
"2013 (3)","9,850","2,204","022.4","4,251","330","007.8","1,023","192","018.8","4,576","1,681","036.7"
"2013 (4)","9,923","2,267","022.8","4,676","416","008.9","1,102","255","023.1","4,145","1,596","038.5"
"2012","9,823","2,327","023.7","4,483","440","009.8","1,040","262","025.2","4,300","1,624","037.8"
"2011","9,656","2,334","024.2","4,362","408","009.4","956","234","024.4","4,338","1,693","039.0"
"2010 (5)","9,571","2,311","024.1","4,267","377","008.8","916","236","025.7","4,387","1,698","038.7"
"2009","9,367","2,125","022.7","4,276","366","008.6","939","234","025.0","4,152","1,524","036.7"
"2008","9,359","2,055","022.0","4,386","346","007.9","812","161","019.9","4,161","1,548","037.2"
"2007","9,259","2,045","022.1","4,322","295","006.8","799","205","025.7","4,138","1,544","037.3"
"2006","9,274","2,007","021.6","4,359","346","007.9","864","177","020.4","4,050","1,484","036.6"
"2005","9,051","1,997","022.1","4,128","341","008.3","806","170","021.1","4,117","1,486","036.1"
"2004 (6)","8,906","2,035","022.8","4,171","378","009.1","740","154","020.8","3,995","1,503","037.6"
"2003","8,914","1,986","022.3","4,146","321","007.8","782","192","024.5","3,986","1,473","036.9"
"2002","8,932","1,923","021.5","4,165","331","007.9","764","160","020.9","4,003","1,433","035.8"
"Black Alone - With Children Under 18 Years (25)","","","","","","","","","","","",""
"Year","All families","","","Married-couple families","","","Families with a male householder, no spouse present","","","Families with a female householder, no spouse present","",""
"","Total","Below poverty","","Total","Below poverty","","Total","Below poverty","","Total","Below poverty",""
"","","Number","Percent","","Number","Percent","","Number","Percent","","Number","Percent"
"2022","5,289","1,038","019.6","2,167","95","004.4","553","114","020.7","2,569","829","032.3"
"2021","5,420","1,321","024.4","2,040","174","008.5","591","105","017.7","2,789","1,042","037.4"
"2020 (1)","5,385","1,261","023.4","2,050","165","008.1","605","124","020.5","2,730","971","035.6"
"2019","5,283","1,192","022.6","2,150","145","006.7","466","119","025.5","2,668","929","034.8"
"2018","5,268","1,316","025.0","2,078","166","008.0","548","143","026.2","2,642","1,007","038.1"
"2017 (2)","5,468","1,413","025.8","2,073","176","008.5","497","135","027.1","2,898","1,103","038.1"
"2017","5,466","1,352","024.7","2,057","153","007.4","503","131","026.0","2,906","1,069","036.8"
"2016","5,608","1,461","026.0","2,193","191","008.7","452","120","026.6","2,963","1,150","038.8"
"2015","5,523","1,569","028.4","1,984","185","009.3","485","166","034.2","3,054","1,218","039.9"
"2014","5,591","1,774","031.7","2,039","220","010.8","526","176","033.4","3,026","1,379","045.6"
"2013 (3)","5,668","1,698","030.0","2,047","192","009.4","495","129","026.0","3,126","1,377","044.0"
"2013 (4)","5,670","1,786","031.5","2,182","270","012.4","554","156","028.2","2,934","1,359","046.3"
"2012","5,747","1,852","032.2","2,171","272","012.5","562","171","030.5","3,014","1,409","046.7"
"2011","5,699","1,867","032.8","2,105","256","012.2","486","140","028.8","3,108","1,471","047.3"
"2010 (5)","5,595","1,897","033.9","2,069","252","012.2","446","179","040.1","3,080","1,466","047.6"
"2009","5,677","1,726","030.4","2,166","244","011.2","514","158","030.7","2,996","1,324","044.2"
"2008","5,765","1,709","029.6","2,208","212","009.6","438","110","025.1","3,119","1,387","044.5"
"2007","5,722","1,670","029.2","2,198","183","008.3","419","126","030.0","3,105","1,362","043.9"
"2006","5,813","1,653","028.4","2,332","214","009.2","437","114","026.0","3,044","1,326","043.6"
"2005","5,747","1,631","028.4","2,228","208","009.3","422","123","029.2","3,096","1,300","042.0"
"2004 (6)","5,650","1,614","028.6","2,234","207","009.3","394","99","025.0","3,022","1,307","043.3"
"2003","5,799","1,666","028.7","2,254","200","008.9","463","146","031.6","3,082","1,320","042.8"
"2002","5,747","1,567","027.3","2,281","194","008.5","401","106","026.5","3,065","1,267","041.3"
"Black - With and Without Children Under 18 Years (24)","","","","","","","","","","","",""
"Year","All families","","","Married-couple families","","","Families with a male householder, no spouse present","","","Families with a female householder, no spouse present","",""
"","Total","Below poverty","","Total","Below poverty","","Total","Below poverty","","Total","Below poverty",""
"","","Number","Percent","","Number","Percent","","Number","Percent","","Number","Percent"
"2001","8,847","1,829","020.7","4,234","328","007.8","775","150","019.4","3,838","1,351","035.2"
"2000 (7)","8,731","1,686","019.3","4,214","266","006.3","732","120","016.3","3,785","1,300","034.3"
"1999 (8)","8,653","1,887","021.8","4,150","295","007.1","706","105","014.8","3,797","1,487","039.2"
"1998","8,452","1,981","023.4","3,979","290","007.3","660","134","020.3","3,813","1,557","040.8"
"1997","8,408","1,985","023.6","3,921","312","008.0","562","111","019.7","3,926","1,563","039.8"
"1996","8,455","2,206","026.1","3,851","352","009.1","657","130","019.8","3,947","1,724","043.7"
"1995 (9)","8,055","2,127","026.4","3,713","314","008.5","573","112","019.5","3,769","1,701","045.1"
"1994 (10)","8,093","2,212","027.3","3,842","336","008.7","535","161","030.1","3,716","1,715","046.2"
"1993 (11)","7,993","2,499","031.3","3,715","458","012.3","450","133","029.6","3,828","1,908","049.9"
"1992 (12)","7,982","2,484","031.1","3,777","490","013.0","467","116","024.8","3,738","1,878","050.2"
"1991 (13)","7,716","2,343","030.4","3,631","399","011.0","503","110","021.9","3,582","1,834","051.2"
"1990","7,471","2,193","029.3","3,569","448","012.6","472","97","020.6","3,430","1,648","048.1"
"1989","7,470","2,077","027.8","3,750","443","011.8","446","110","024.7","3,275","1,524","046.5"
"1988 (14)","7,409","2,089","028.2","3,722","421","011.3","464","88","018.9","3,223","1,579","049.0"
"1987 (14)","7,202","2,117","029.4","3,681","439","011.9","432","101","023.4","3,089","1,577","051.1"
"1986","7,096","1,987","028.0","3,742","403","010.8","386","96","024.9","2,967","1,488","050.1"
"1985 (15)","6,921","1,983","028.7","3,680","447","012.2","368","84","022.9","2,874","1,452","050.5"
"1984 (16)","6,778","2,094","030.9","3,469","479","013.8","344","82","023.8","2,964","1,533","051.7"
"1983","6,681","2,161","032.3","3,454","535","015.5","355","85","024.0","2,871","1,541","053.7"
"1982","6,530","2,158","033.0","3,486","543","015.6","309","79","025.6","2,734","1,535","056.2"
"1981 (17)","6,413","1,972","030.8","3,535","543","015.4","273","52","019.1","2,605","1,377","052.9"
"1980","6,317","1,826","028.9","3,392","474","014.0","291","52","017.7","2,634","1,301","049.4"
"1979 (18)","6,184","1,722","027.8","3,433","453","013.2","256","35","013.7","2,495","1,234","049.4"
"1978","5,906","1,622","027.5","3,244","366","011.3","272","48","017.6","2,390","1,208","050.6"
"1977","5,806","1,637","028.2","3,260","429","013.1","269","46","017.1","2,277","1,162","051.0"
"1976","5,804","1,617","027.9","3,406","450","013.2","247","45","018.2","2,151","1,122","052.2"
"1975","5,586","1,513","027.1","3,352","479","014.3","230","30","013.0","2,004","1,004","050.1"
"1974 (19)","5,491","1,479","026.9","3,357","435","013.0","200","35","017.4","1,934","1,010","052.2"
"1973","5,440","1,527","028.1","3,360","N","N","231","N","N","1,849","974","052.7"
"1972 (20)","5,265","1,529","029.0","3,233","N","N","210","N","N","1,822","972","053.3"
"1971 (21)","5,157","1,484","028.8","3,289","N","N","226","N","N","1,642","879","053.5"
"1970","5,027","1,481","029.5","3,301","N","N","191","N","N","1,535","834","054.3"
"1969","4,887","1,365","027.9","3,323","N","N","180","N","N","1,384","737","053.3"
"1968","4,646","1,366","029.4","3,141","N","N","178","N","N","1,327","706","053.2"
"1967 (22)","4,589","1,555","033.9","3,118","N","N","199","N","N","1,272","716","056.3"
"Black - With Children Under 18 Years (24)","","","","","","","","","","","",""
"Year","All families","","","Married-couple families","","","Families with a male householder, no spouse present","","","Families with a female householder, no spouse present","",""
"","Total","Below poverty","","Total","Below poverty","","Total","Below poverty","","Total","Below poverty",""
"","","Number","Percent","","Number","Percent","","Number","Percent","","Number","Percent"
"2001","5,739","1,524","026.6","2,342","205","008.7","404","99","024.6","2,994","1,220","040.8"
"2000 (7)","5,568","1,411","025.3","2,343","157","006.7","352","76","021.7","2,873","1,177","041.0"
"1999 (8)","5,556","1,603","028.9","2,301","199","008.7","386","84","021.7","2,869","1,320","046.0"
"1998","5,491","1,673","030.5","2,198","189","008.6","353","88","024.8","2,940","1,397","047.5"
"1997","5,647","1,721","030.5","2,275","205","009.0","312","81","025.8","3,060","1,436","046.9"
"1996","5,695","1,941","034.1","2,174","239","011.0","401","109","027.2","3,120","1,593","051.0"
"1995 (9)","5,340","1,821","034.1","2,119","209","009.9","337","79","023.4","2,884","1,533","053.2"
"1994 (10)","5,439","1,954","035.9","2,147","245","011.4","341","118","034.6","2,951","1,591","053.9"
"1993 (11)","5,525","2,171","039.3","2,147","298","013.9","294","93","031.6","3,084","1,780","057.7"
"1992 (12)","5,448","2,132","039.1","2,229","343","015.4","248","83","033.5","2,971","1,706","057.4"
"1991 (13)","5,143","2,016","039.2","2,129","263","012.4","243","77","031.7","2,771","1,676","060.5"
"1990","5,069","1,887","037.2","2,104","301","014.3","267","73","027.3","2,698","1,513","056.1"
"1989","5,031","1,783","035.4","2,179","291","013.3","228","77","033.8","2,624","1,415","053.9"
"1988 (14)","5,010","1,802","036.0","2,181","272","012.5","246","78","031.7","2,583","1,452","056.2"
"1987 (14)","4,880","1,788","036.6","2,205","290","013.2","222","61","027.5","2,453","1,437","058.6"
"1986","4,806","1,699","035.4","2,236","257","011.5","185","58","031.5","2,386","1,384","058.0"
"1985 (15)","4,636","1,670","036.0","2,185","281","012.9","182","53","029.0","2,269","1,336","058.9"
"1984 (16)","4,512","1,758","039.0","2,001","331","016.6","175","62","035.5","2,335","1,364","058.4"
"1983","4,482","1,789","039.9","2,052","369","018.0","186","58","031.1","2,244","1,362","060.7"
"1982","4,470","1,819","040.7","2,093","360","017.2","178","58","032.7","2,199","1,401","063.7"
"1981 (17)","4,455","1,652","037.1","2,202","357","016.2","135","34","025.0","2,118","1,261","059.5"
"1980","4,465","1,583","035.5","2,154","333","015.5","140","34","024.0","2,171","1,217","056.0"
"1979 (18)","4,297","1,441","033.5","2,095","286","013.7","139","26","018.4","2,063","1,129","054.7"
"1978","4,159","1,431","034.4","2,056","247","012.0","157","40","025.5","1,946","1,144","058.4"
"1977","4,107","1,406","034.2","2,088","295","014.1","141","30","021.3","1,878","1,081","057.5"
"1976","4,047","1,382","034.2","2,146","311","014.5","120","28","023.3","1,781","1,043","058.6"
"1975","3,878","1,314","033.9","2,119","349","016.5","108","16","014.8","1,651","949","057.5"
"1974 (19)","3,915","1,293","033.0","2,187","317","014.5","105","27","026.2","1,623","949","058.5"
"1973","3,831","1,280","033.4","N","N","N","N","N","N","1,538","905","058.8"
"1972 (20)","3,650","1,303","035.7","N","N","N","N","N","N","1,494","912","061.0"
"1971 (21)","3,660","1,261","034.5","N","N","N","N","N","N","1,369","821","060.0"
"1970","3,470","1,212","034.9","N","N","N","N","N","N","N","N","N"
"1969","3,386","1,095","032.3","N","N","N","N","N","N","N","N","N"
"1968","3,218","1,114","034.6","N","N","N","N","N","N","N","N","N"
"1967 (22)","3,200","1,261","039.4","N","N","N","N","N","N","N","N","N"
"Asian Alone or in Combination - With and Without Children Under 18 Years","","","","","","","","","","","",""
"Year","All families","","","Married-couple families","","","Families with a male householder, no spouse present","","","Families with a female householder, no spouse present","",""
"","Total","Below poverty","","Total","Below poverty","","Total","Below poverty","","Total","Below poverty",""
"","","Number","Percent","","Number","Percent","","Number","Percent","","Number","Percent"
"2022","5,800","363","006.3","4,662","228","004.9","465","30","006.6","673","105","015.6"
"2021","5,655","401","007.1","4,527","263","005.8","421","30","007.1","708","109","015.4"
"2020 (1)","5,509","347","006.3","4,475","218","004.9","394","30","007.7","641","99","015.4"
"2019","5,429","309","005.7","4,431","197","004.4","403","27","006.6","594","86","014.4"
"2018","5,354","401","007.5","4,349","249","005.7","366","32","008.7","639","121","018.9"
"2017 (2)","5,190","384","007.4","4,203","250","006.0","353","33","009.3","633","101","016.0"
"2017","5,170","396","007.7","4,164","266","006.4","360","30","008.3","646","100","015.5"
"2016","4,923","360","007.3","3,944","208","005.3","379","35","009.3","600","117","019.5"
"2015","4,879","390","008.0","3,960","253","006.4","377","49","013.0","541","88","016.3"
"2014","4,687","416","008.9","3,759","272","007.2","323","32","010.0","605","112","018.5"
"2013 (3)","4,608","468","010.2","3,696","292","007.9","350","21","005.9","561","156","027.7"
"2013 (4)","4,568","413","009.0","3,609","260","007.2","373","48","012.8","586","105","017.9"
"2012","4,324","409","009.5","3,411","245","007.2","346","49","014.2","568","115","020.2"
"2011","4,347","434","010.0","3,440","265","007.7","334","47","014.0","573","122","021.4"
"2010 (5)","4,094","379","009.2","3,210","232","007.2","328","32","009.7","556","115","020.7"
"2009","3,742","359","009.6","2,987","239","008.0","273","34","012.3","481","87","018.0"
"2008","3,644","356","009.8","2,932","254","008.7","255","26","010.1","457","76","016.5"
"2007","3,454","281","008.1","2,760","187","006.8","242","17","007.0","452","77","017.0"
"2006","3,489","272","007.8","2,858","183","006.4","239","27","011.4","392","61","015.6"
"2005","3,358","306","009.1","2,692","201","007.5","251","22","008.8","415","83","020.0"
"2004 (6)","3,283","243","007.4","2,634","150","005.7","262","39","014.8","387","54","014.0"
"2003","3,194","320","010.0","2,576","203","007.9","241","28","011.8","378","89","023.5"
"2002","2,939","218","007.4","2,344","137","005.9","241","30","012.6","354","51","014.3"
"Asian Alone or in Combination - With Children Under 18 Years","","","","","","","","","","","",""
"Year","All families","","","Married-couple families","","","Families with a male householder, no spouse present","","","Families with a female householder, no spouse present","",""
"","Total","Below poverty","","Total","Below poverty","","Total","Below poverty","","Total","Below poverty",""
"","","Number","Percent","","Number","Percent","","Number","Percent","","Number","Percent"
"2022","2,682","169","006.3","2,283","100","004.4","122","7","005.9","278","62","022.2"
"2021","2,751","196","007.1","2,284","114","005.0","135","10","007.4","333","71","021.4"
"2020 (1)","2,717","172","006.3","2,293","97","004.2","128","11","008.6","297","64","021.5"
"2019","2,734","167","006.1","2,326","97","004.2","140","14","010.3","268","56","020.9"
"2018","2,772","257","009.3","2,326","146","006.3","107","16","014.9","339","95","028.0"
"2017 (2)","2,767","221","008.0","2,327","137","005.9","122","10","008.3","318","74","023.3"
"2017","2,752","240","008.7","2,298","151","006.6","129","11","008.6","325","79","024.2"
"2016","2,567","227","008.8","2,147","127","005.9","145","19","013.3","275","80","029.3"
"2015","2,531","254","010.0","2,130","153","007.2","130","36","027.5","271","66","024.2"
"2014","2,499","278","011.1","2,060","167","008.1","117","22","018.6","322","89","027.8"
"2013 (3)","2,486","275","011.1","2,081","146","007.0","117","11","009.5","288","118","041.0"
"2013 (4)","2,398","245","010.2","1,963","133","006.8","130","26","020.1","306","86","028.1"
"2012","2,248","265","011.8","1,832","154","008.4","117","29","024.5","299","82","027.5"
"2011","2,271","287","012.6","1,845","168","009.1","120","27","022.6","306","92","030.1"
"2010 (5)","2,168","244","011.3","1,746","140","008.0","103","11","010.7","320","93","029.1"
"2009","2,072","238","011.5","1,698","153","009.0","100","21","020.7","274","64","023.4"
"2008","1,933","204","010.5","1,601","141","008.8","89","11","012.5","243","52","021.4"
"2007","1,856","178","009.6","1,536","109","007.1","85","4","005.1","235","65","027.8"
"2006","1,872","178","009.5","1,595","116","007.3","83","16","019.2","194","46","023.8"
"2005","1,816","189","010.4","1,504","121","008.1","91","14","015.5","221","54","024.3"
"2004 (6)","1,845","154","008.4","1,527","97","006.3","100","15","015.4","218","43","019.5"
"2003","1,830","199","010.9","1,514","121","008.0","82","12","015.2","235","66","028.2"
"2002","1,641","151","009.2","1,368","94","006.9","86","18","021.1","188","39","021.0"
"Asian Alone - With and Without Children Under 18 Years (26)","","","","","","","","","","","",""
"Year","All families","","","Married-couple families","","","Families with a male householder, no spouse present","","","Families with a female householder, no spouse present","",""
"","Total","Below poverty","","Total","Below poverty","","Total","Below poverty","","Total","Below poverty",""
"","","Number","Percent","","Number","Percent","","Number","Percent","","Number","Percent"
"2022","5,508","346","006.3","4,462","227","005.1","438","29","006.5","608","91","015.0"
"2021","5,325","381","007.1","4,294","256","006.0","386","30","007.8","645","95","014.7"
"2020 (1)","5,179","330","006.4","4,233","212","005.0","367","29","008.0","579","89","015.4"
"2019","5,137","291","005.7","4,218","191","004.5","375","22","005.9","543","78","014.4"
"2018","5,099","387","007.6","4,160","239","005.7","342","31","009.2","597","117","019.6"
"2017 (2)","4,944","367","007.4","4,047","245","006.0","320","29","008.9","577","94","016.3"
"2017","4,922","382","007.8","4,006","261","006.5","327","29","009.0","590","91","015.5"
"2016","4,725","340","007.2","3,813","201","005.3","357","32","009.0","555","107","019.4"
"2015","4,697","374","008.0","3,846","250","006.5","348","42","012.1","504","82","016.2"
"2014","4,499","401","008.9","3,632","271","007.5","304","24","008.0","563","106","018.9"
"2013 (3)","4,378","448","010.2","3,522","292","008.3","332","21","006.2","525","135","025.7"
"2013 (4)","4,360","379","008.7","3,484","254","007.3","340","46","013.4","536","80","014.9"
"2012","4,122","387","009.4","3,271","240","007.3","327","47","014.3","524","101","019.2"
"2011","4,153","401","009.7","3,303","256","007.8","320","44","013.6","531","101","019.1"
"2010 (5)","3,879","362","009.3","3,078","226","007.3","305","32","010.4","496","105","021.1"
"2009","3,592","337","009.4","2,888","230","007.9","257","32","012.6","447","76","016.9"
"2008","3,494","341","009.8","2,829","244","008.6","233","24","010.5","432","72","016.7"
"2007","3,302","261","007.9","2,651","175","006.6","221","17","007.6","431","69","016.1"
"2006","3,346","260","007.8","2,754","178","006.5","223","26","011.6","369","57","015.4"
"2005","3,208","289","009.0","2,590","193","007.5","235","20","008.3","383","76","019.7"
"2004 (6)","3,142","232","007.4","2,544","146","005.8","249","38","015.2","348","47","013.6"
"2003","3,064","311","010.2","2,497","200","008.0","219","28","012.8","348","83","023.8"
"2002","2,845","210","007.4","2,286","135","005.9","223","27","012.4","337","48","014.2"
"Asian Alone - With Children Under 18 Years (26)","","","","","","","","","","","",""
"Year","All families","","","Married-couple families","","","Families with a male householder, no spouse present","","","Families with a female householder, no spouse present","",""
"","Total","Below poverty","","Total","Below poverty","","Total","Below poverty","","Total","Below poverty",""
"","","Number","Percent","","Number","Percent","","Number","Percent","","Number","Percent"
"2022","2,535","163","006.4","2,174","99","004.6","108","5","004.9","253","58","022.9"
"2021","2,572","177","006.9","2,150","108","005.0","121","10","008.2","300","59","019.6"
"2020 (1)","2,527","157","006.2","2,154","91","004.2","116","10","008.7","257","56","021.6"
"2019","2,576","159","006.2","2,207","93","004.2","134","14","010.7","235","52","022.1"
"2018","2,647","243","009.2","2,234","136","006.1","101","16","015.9","313","91","029.2"
"2017 (2)","2,635","212","008.1","2,246","133","005.9","104","10","009.7","285","69","024.3"
"2017","2,620","232","008.9","2,216","148","006.7","111","11","010.0","293","73","024.9"
"2016","2,447","211","008.6","2,074","124","006.0","132","16","012.4","241","72","029.6"
"2015","2,416","239","009.9","2,060","150","007.3","112","29","026.2","244","59","024.3"
"2014","2,383","265","011.1","1,984","166","008.4","107","15","013.7","291","84","028.9"
"2013 (3)","2,326","254","010.9","1,970","146","007.4","102","11","010.9","254","97","038.4"
"2013 (4)","2,262","215","009.5","1,878","127","006.8","115","24","020.7","270","65","024.0"
"2012","2,129","249","011.7","1,749","151","008.6","109","26","024.1","271","71","026.3"
"2011","2,155","260","012.1","1,763","162","009.2","115","25","021.9","276","73","026.3"
"2010 (5)","2,040","229","011.2","1,681","134","008.0","86","11","012.8","273","83","030.5"
"2009","1,975","220","011.1","1,635","145","008.9","92","19","020.9","248","56","022.5"
"2008","1,833","191","010.4","1,529","132","008.7","80","10","012.3","224","49","021.8"
"2007","1,760","160","009.1","1,466","97","006.6","76","4","005.8","219","58","026.7"
"2006","1,780","168","009.5","1,532","111","007.2","74","(B)","(B)","174","42","024.1"
"2005","1,734","177","010.2","1,453","117","008.1","84","13","015.4","196","47","023.7"
"2004 (6)","1,761","144","008.2","1,472","93","006.3","93","15","015.8","196","36","018.6"
"2003","1,755","193","011.0","1,471","119","008.1","70","(B)","(B)","214","62","029.0"
"2002","1,584","145","009.2","1,331","93","007.0","80","15","019.0","173","37","021.2"
"American Indian and Alaska Native Alone or in Combination - With and Without Children Under 18 Years","","","","","","","","","","","",""
"Year","All families","","","Married-couple families","","","Families with a male householder, no spouse present","","","Families with a female householder, no spouse present","",""
"","Total","Below poverty","","Total","Below poverty","","Total","Below poverty","","Total","Below poverty",""
"","","Number","Percent","","Number","Percent","","Number","Percent","","Number","Percent"
"2022","1,588","290","018.3","892","89","010.0","203","40","019.6","494","161","032.6"
"2021","1,604","289","018.0","916","91","010.0","212","45","021.3","476","153","032.2"
"2020 (1)","1,532","201","013.1","907","50","005.5","212","39","018.5","413","112","027.1"
"2019","1,508","242","016.0","891","60","006.7","247","50","020.2","370","132","035.6"
"2018","1,604","274","017.1","937","73","007.8","233","69","029.5","433","133","030.6"
"2017 (2)","1,638","276","016.8","976","88","009.0","210","43","020.2","451","145","032.1"
"2017","1,616","278","017.2","957","88","009.2","211","41","019.3","448","149","033.3"
"2016","1,607","286","017.8","929","93","010.0","217","37","016.9","461","156","033.9"
"2015","1,612","298","018.5","940","74","007.9","175","25","014.5","497","198","039.9"
"2014","1,567","346","022.1","914","76","008.3","184","54","029.2","469","216","046.2"
"2013 (3)","1,313","308","023.5","770","87","011.3","145","18","012.6","398","203","051.1"
"2013 (4)","1,390","287","020.7","807","84","010.4","144","40","028.0","438","162","037.1"
"2012","1,488","360","024.2","852","116","013.7","164","41","025.2","473","203","042.9"
"2011","1,449","315","021.7","841","96","011.4","190","48","025.3","417","171","040.9"
"2010 (5)","1,398","310","022.2","845","111","013.1","159","40","025.0","395","159","040.4"
"2009","1,223","235","019.2","755","81","010.8","127","38","030.0","341","116","034.0"
"2008","1,321","250","018.9","835","93","011.2","135","24","017.5","351","133","037.9"
"2007","1,275","215","016.9","840","93","011.1","137","17","012.1","298","106","035.5"
"2006","1,261","237","018.8","803","92","011.5","126","24","019.2","332","121","036.4"
"2005","1,288","236","018.3","827","78","009.4","135","29","021.3","326","129","039.7"
"2004 (6)","1,317","216","016.4","867","86","009.9","144","26","018.2","306","104","033.9"
"2003","1,197","200","016.7","780","69","008.9","129","32","024.8","288","99","034.5"
"2002","1,116","188","016.8","692","61","008.8","120","22","018.3","304","105","034.6"
"American Indian and Alaska Native Alone or in Combination - With Children Under 18 Years","","","","","","","","","","","",""
"Year","All families","","","Married-couple families","","","Families with a male householder, no spouse present","","","Families with a female householder, no spouse present","",""
"","Total","Below poverty","","Total","Below poverty","","Total","Below poverty","","Total","Below poverty",""
"","","Number","Percent","","Number","Percent","","Number","Percent","","Number","Percent"
"2022","820","211","025.7","407","56","013.8","70","(B)","(B)","343","128","037.3"
"2021","874","210","024.0","450","51","011.4","117","37","031.2","307","122","039.7"
"2020 (1)","822","151","018.3","431","30","007.0","120","32","026.8","271","88","032.6"
"2019","833","172","020.7","464","40","008.5","145","34","023.7","225","98","043.8"
"2018","857","189","022.1","463","48","010.4","116","39","033.2","277","103","037.0"
"2017 (2)","872","203","023.3","470","55","011.8","95","26","027.0","307","122","039.9"
"2017","872","209","024.0","474","58","012.2","94","26","027.4","304","126","041.3"
"2016","893","222","024.9","448","59","013.2","123","28","022.8","322","135","041.9"
"2015","951","243","025.5","466","38","008.1","104","22","021.5","381","182","047.9"
"2014","954","288","030.2","477","42","008.8","112","51","045.7","365","195","053.3"
"2013 (3)","800","239","029.9","438","51","011.7","82","17","021.0","279","171","061.1"
"2013 (4)","745","216","029.0","378","54","014.2","75","21","027.5","291","141","048.5"
"2012","830","282","033.9","406","81","020.0","90","25","027.6","334","176","052.6"
"2011","838","241","028.7","427","64","014.9","105","31","029.3","306","146","047.9"
"2010 (5)","864","265","030.7","469","86","018.3","94","33","034.7","300","147","048.9"
"2009","694","185","026.6","395","54","013.6","77","31","039.5","222","100","045.2"
"2008","805","219","027.1","464","79","017.0","82","21","025.6","259","119","045.8"
"2007","766","170","022.1","463","59","012.8","78","13","017.2","225","97","043.0"
"2006","725","190","026.2","409","61","015.0","70","(B)","(B)","246","109","044.3"
"2005","777","185","023.8","437","51","011.6","91","20","021.4","248","115","046.1"
"2004 (6)","801","174","021.7","493","60","012.2","78","19","024.8","231","94","040.8"
"2003","764","170","022.3","445","52","011.7","83","24","028.8","236","94","039.9"
"2002","746","154","020.7","438","35","008.0","75","17","022.9","233","102","043.7"
"American Indian and Alaska Native Alone - With and Without Children Under 18 Years (27)","","","","","","","","","","","",""
"Year","All families","","","Married-couple families","","","Families with a male householder, no spouse present","","","Families with a female householder, no spouse present","",""
"","Total","Below poverty","","Total","Below poverty","","Total","Below poverty","","Total","Below poverty",""
"","","Number","Percent","","Number","Percent","","Number","Percent","","Number","Percent"
"2022","948","218","023.0","521","73","013.9","145","34","023.2","282","112","039.8"
"2021","978","197","020.1","555","67","012.0","144","21","014.3","279","110","039.4"
"2020 (1)","927","152","016.4","533","42","008.0","147","32","022.1","247","78","031.4"
"2019","898","157","017.5","512","40","007.7","166","42","025.2","219","76","034.5"
"2018","908","182","020.0","494","58","011.8","146","42","028.8","269","82","030.5"
"2017 (2)","893","171","019.2","492","55","011.2","115","26","022.3","285","91","031.8"
"2017","886","170","019.2","488","47","009.7","114","27","024.1","284","96","033.7"
"2016","881","184","020.9","462","56","012.1","135","27","020.3","284","101","035.4"
"2015","966","196","020.3","524","46","008.7","116","13","011.6","326","137","042.0"
"2014","917","223","024.3","529","59","011.2","108","25","023.0","280","139","049.5"
"2013 (3)","735","199","027.1","400","52","013.1","92","17","018.8","244","129","053.2"
"2013 (4)","752","192","025.6","431","59","013.8","78","37","047.7","243","96","039.3"
"2012","836","253","030.2","459","83","018.1","97","30","030.5","280","140","049.9"
"2011","740","186","025.1","400","50","012.4","125","37","029.5","215","99","046.2"
"2010 (5)","724","199","027.5","402","68","017.0","99","24","024.0","222","107","048.1"
"2009","627","153","024.4","353","50","014.0","80","33","040.6","194","71","036.5"
"2008","687","156","022.8","394","52","013.2","86","18","021.5","207","86","041.5"
"2007","640","135","021.1","388","56","014.4","77","12","015.1","175","67","038.3"
"2006","617","157","025.5","347","57","016.4","79","17","021.4","191","84","043.8"
"2005","585","135","023.0","346","41","011.8","61","(B)","(B)","178","78","043.5"
"2004 (6)","586","127","021.7","362","53","014.6","72","(B)","(B)","152","57","037.7"
"2003","540","110","020.4","318","43","013.5","70","(B)","(B)","152","48","031.3"
"2002","554","110","019.8","335","35","010.5","60","(B)","(B)","159","61","038.6"
"American Indian and Alaska Native Alone - With Children Under 18 Years (27)","","","","","","","","","","","",""
"Year","All families","","","Married-couple families","","","Families with a male householder, no spouse present","","","Families with a female householder, no spouse present","",""
"","Total","Below poverty","","Total","Below poverty","","Total","Below poverty","","Total","Below poverty",""
"","","Number","Percent","","Number","Percent","","Number","Percent","","Number","Percent"
"2022","478","166","034.8","230","49","021.3","48","(B)","(B)","200","95","047.6"
"2021","523","133","025.5","279","36","012.8","67","(B)","(B)","177","86","048.3"
"2020 (1)","498","108","021.6","261","25","009.5","84","26","031.3","153","57","036.9"
"2019","528","115","021.8","300","29","009.7","89","26","029.3","138","60","043.1"
"2018","519","126","024.2","263","39","014.8","79","26","032.7","176","61","034.4"
"2017 (2)","516","140","027.1","263","42","016.1","56","(B)","(B)","197","78","039.6"
"2017","519","138","026.6","265","34","012.9","56","(B)","(B)","198","83","041.8"
"2016","513","142","027.7","238","37","015.6","78","20","025.5","197","85","043.1"
"2015","597","155","026.0","276","21","007.6","66","(B)","(B)","256","123","048.3"
"2014","570","183","032.1","295","36","012.2","57","(B)","(B)","218","124","057.0"
"2013 (3)","488","159","032.6","262","38","014.7","50","(B)","(B)","176","103","058.5"
"2013 (4)","402","133","033.2","216","35","016.2","34","(B)","(B)","153","81","052.8"
"2012","502","199","039.6","230","56","024.6","50","(B)","(B)","223","127","056.9"
"2011","451","152","033.7","207","33","015.9","72","(B)","(B)","172","93","053.9"
"2010 (5)","480","179","037.2","240","58","024.2","60","(B)","(B)","180","100","055.5"
"2009","397","122","030.9","206","36","017.5","56","(B)","(B)","134","59","044.1"
"2008","450","142","031.5","241","48","020.0","50","(B)","(B)","159","77","048.6"
"2007","433","111","025.6","248","42","016.9","45","(B)","(B)","139","60","043.1"
"2006","394","125","031.7","196","36","018.6","47","(B)","(B)","151","75","049.4"
"2005","391","107","027.2","207","29","013.8","40","(B)","(B)","145","69","048.0"
"2004 (6)","393","102","026.1","227","37","016.1","52","(B)","(B)","113","53","046.5"
"2003","376","94","025.1","206","34","016.5","49","(B)","(B)","122","46","037.8"
"2002","391","95","024.2","226","25","010.9","36","(B)","(B)","128","60","046.6"
"Two or More Races - With and Without Children Under 18 Years (24)","","","","","","","","","","","",""
"Year","All families","","","Married-couple families","","","Families with a male householder, no spouse present","","","Families with a female householder, no spouse present","",""
"","Total","Below poverty","","Total","Below poverty","","Total","Below poverty","","Total","Below poverty",""
"","","Number","Percent","","Number","Percent","","Number","Percent","","Number","Percent"
"2022","1,437","162","011.3","837","35","004.1","170","18","010.8","430","110","025.5"
"2021","1,400","162","011.6","832","46","005.6","164","39","024.0","404","77","019.0"
"2020 (1)","1,401","140","010.0","848","28","003.3","176","19","010.5","377","93","024.8"
"2019","1,330","145","010.9","832","33","003.9","149","20","013.5","349","91","026.2"
"2018","1,328","178","013.4","836","45","005.4","148","40","027.4","345","92","026.6"
"2017 (2)","1,346","180","013.4","849","64","007.6","156","28","018.2","341","87","025.6"
"2017","1,337","176","013.2","839","70","008.4","158","15","009.6","340","91","026.6"
"2016","1,249","180","014.4","766","58","007.6","141","23","016.2","343","99","028.9"
"2015","1,152","174","015.1","690","45","006.5","148","31","021.2","314","98","031.3"
"2014","1,161","206","017.7","673","31","004.6","142","48","033.8","346","127","036.7"
"2013 (3)","1,196","220","018.4","741","71","009.5","139","26","018.5","316","123","039.0"
"2013 (4)","1,192","210","017.6","691","51","007.4","147","18","012.5","353","140","039.8"
"2012","1,151","208","018.0","667","46","006.9","136","24","017.6","349","138","039.4"
"2011","1,146","220","019.2","711","64","009.0","107","20","019.0","329","136","041.2"
"2010 (5)","1,190","191","016.1","743","71","009.5","129","33","025.2","317","88","027.6"
"2009","954","155","016.3","607","52","008.6","86","11","013.1","261","92","035.1"
"2008","942","141","015.0","624","56","009.0","89","12","013.2","229","74","032.1"
"2007","937","121","012.9","638","50","007.8","93","9","009.2","207","62","030.2"
"2006","938","108","011.5","642","45","007.0","78","11","014.0","218","52","023.8"
"2005","1,010","149","014.7","656","47","007.2","108","18","016.7","247","84","034.0"
"2004 (6)","1,015","133","013.1","657","45","006.8","98","13","013.7","260","74","028.6"
"2003","937","123","013.1","624","36","005.8","98","14","014.1","216","73","033.7"
"2002","794","106","013.3","492","33","006.7","95","15","015.2","207","58","028.1"
"Two or More Races - With Children Under 18 Years (24)","","","","","","","","","","","",""
"Year","All families","","","Married-couple families","","","Families with a male householder, no spouse present","","","Families with a female householder, no spouse present","",""
"","Total","Below poverty","","Total","Below poverty","","Total","Below poverty","","Total","Below poverty",""
"","","Number","Percent","","Number","Percent","","Number","Percent","","Number","Percent"
"2022","787","105","013.3","427","14","003.3","80","13","016.5","281","77","027.5"
"2021","810","128","015.8","451","30","006.8","95","30","031.5","264","68","025.5"
"2020 (1)","833","122","014.7","439","15","003.4","111","18","015.9","283","90","031.7"
"2019","741","106","014.3","424","20","004.7","86","16","018.4","231","70","030.5"
"2018","739","143","019.4","427","36","008.5","75","26","034.7","238","81","034.2"
"2017 (2)","755","127","016.8","430","40","009.3","79","13","016.5","247","74","029.9"
"2017","758","128","016.9","437","48","011.0","78","6","008.0","244","74","030.4"
"2016","711","149","020.9","390","37","009.4","74","(B)","(B)","247","93","037.8"
"2015","713","152","021.2","383","32","008.3","96","30","031.6","234","89","038.2"
"2014","712","174","024.5","362","20","005.4","86","40","046.5","263","115","043.6"
"2013 (3)","733","182","024.8","426","48","011.2","85","18","021.2","223","116","052.0"
"2013 (4)","729","193","026.5","375","45","012.0","90","18","020.3","265","130","049.1"
"2012","658","164","024.9","334","33","009.8","85","17","020.1","239","114","047.7"
"2011","674","169","025.1","385","45","011.6","57","(B)","(B)","232","113","048.7"
"2010 (5)","720","156","021.7","401","50","012.6","85","26","030.5","233","80","034.3"
"2009","543","125","023.0","320","35","010.8","46","(B)","(B)","177","81","046.0"
"2008","555","116","020.9","344","41","011.8","53","(B)","(B)","158","64","040.6"
"2007","535","91","017.1","331","28","008.5","51","(B)","(B)","152","56","037.1"
"2006","549","91","016.5","343","33","009.5","46","(B)","(B)","160","48","030.3"
"2005","585","119","020.4","327","28","008.5","72","(B)","(B)","185","75","040.8"
"2004 (6)","587","110","018.7","356","32","009.0","41","(B)","(B)","191","68","035.5"
"2003","566","105","018.6","335","28","008.3","60","(B)","(B)","172","67","039.3"
"2002","510","85","016.7","297","17","005.7","59","(B)","(B)","155","56","036.1"
"Hispanic (any race) - With and Without Children Under 18 Years (28)","","","","","","","","","","","",""
"Year","All families","","","Married-couple families","","","Families with a male householder, no spouse present","","","Families with a female householder, no spouse present","",""
"","Total","Below poverty","","Total","Below poverty","","Total","Below poverty","","Total","Below poverty",""
"","","Number","Percent","","Number","Percent","","Number","Percent","","Number","Percent"
"2022","14,240","2,169","015.2","8,960","900","010.0","1,895","266","014.0","3,386","1,002","029.6"
"2021","14,090","2,115","015.0","8,694","861","009.9","1,919","274","014.3","3,473","980","028.2"
"2020 (1)","13,700","2,028","014.8","8,597","848","009.9","1,686","203","012.1","3,412","976","028.6"
"2019","13,170","1,833","013.9","8,350","781","009.4","1,529","171","011.2","3,292","881","026.8"
"2018","13,280","2,057","015.5","8,445","855","010.1","1,584","200","012.6","3,250","1,002","030.8"
"2017 (2)","13,270","2,178","016.4","8,468","854","010.1","1,483","216","014.6","3,316","1,107","033.4"
"2017","13,200","2,156","016.3","8,370","861","010.3","1,497","206","013.8","3,335","1,089","032.7"
"2016","13,020","2,253","017.3","8,250","970","011.8","1,539","229","014.9","3,228","1,055","032.7"
"2015","12,760","2,502","019.6","8,003","1,077","013.5","1,473","259","017.6","3,284","1,166","035.5"
"2014","12,460","2,684","021.5","7,748","1,177","015.2","1,384","246","017.8","3,332","1,262","037.9"
"2013 (3)","12,410","2,865","023.1","7,435","1,081","014.5","1,441","349","024.2","3,537","1,434","040.5"
"2013 (4)","12,120","2,613","021.6","7,515","1,069","014.2","1,410","254","018.0","3,193","1,290","040.4"
"2012","11,960","2,807","023.5","7,460","1,238","016.6","1,392","303","021.7","3,109","1,266","040.7"
"2011","11,590","2,651","022.9","7,222","1,145","015.9","1,277","234","018.4","3,090","1,272","041.2"
"2010 (5)","11,280","2,739","024.3","7,065","1,221","017.3","1,241","248","020.0","2,978","1,270","042.6"
"2009","10,420","2,369","022.7","6,593","1,054","016.0","1,081","249","023.0","2,748","1,066","038.8"
"2008","10,500","2,239","021.3","6,911","1,078","015.6","1,021","154","015.1","2,571","1,007","039.2"
"2007","10,400","2,045","019.7","6,891","926","013.4","983","151","015.3","2,523","968","038.4"
"2006","10,160","1,922","018.9","6,764","903","013.3","945","139","014.7","2,446","881","036.0"
"2005","9,868","1,948","019.7","6,642","917","013.8","972","155","015.9","2,254","876","038.9"
"2004 (6)","9,521","1,953","020.5","6,353","934","014.7","927","147","015.9","2,241","872","038.9"
"2003","9,274","1,925","020.8","6,228","976","015.7","908","157","017.3","2,138","792","037.0"
"2002","9,094","1,792","019.7","6,189","927","015.0","872","148","017.0","2,033","717","035.3"
"2001","8,516","1,649","019.4","5,778","799","013.8","817","139","017.0","1,922","711","037.0"
"2000 (7)","8,017","1,540","019.2","5,426","772","014.2","765","104","013.6","1,826","664","036.4"
"1999 (8)","7,788","1,593","020.5","5,273","758","014.4","688","117","017.0","1,827","717","039.3"
"1998","7,273","1,648","022.7","4,945","775","015.7","600","117","019.6","1,728","756","043.7"
"1997","6,961","1,721","024.7","4,804","836","017.4","545","119","021.7","1,612","767","047.6"
"1996","6,631","1,748","026.4","4,520","815","018.0","494","110","022.3","1,617","823","050.9"
"1995 (9)","6,287","1,695","027.0","4,247","803","018.9","436","100","022.9","1,604","792","049.4"
"1994 (10)","6,202","1,724","027.8","4,236","827","019.5","481","124","025.8","1,485","773","052.1"
"1993 (11)","5,946","1,625","027.3","4,038","770","019.1","410","83","020.2","1,498","772","051.6"
"1992 (12)","5,733","1,529","026.7","3,940","743","018.8","445","122","027.4","1,348","664","049.3"
"1991 (13)","5,177","1,372","026.5","3,532","674","019.1","383","71","018.5","1,261","627","049.7"
"1990","4,981","1,244","025.0","3,454","605","017.5","341","66","019.4","1,186","573","048.3"
"1989","4,840","1,133","023.4","3,395","549","016.2","329","54","016.3","1,116","530","047.5"
"1988 (14)","4,823","1,141","023.7","3,398","547","016.1","314","48","015.2","1,112","546","049.1"
"1987 (14)","4,576","1,168","025.5","3,196","556","017.4","298","47","015.8","1,082","565","052.2"
"1986","4,403","1,085","024.7","3,118","518","016.6","253","39","015.5","1,032","528","051.2"
"1985 (15)","4,206","1,074","025.5","2,962","505","017.0","264","48","018.4","980","521","053.1"
"1984 (16)","3,939","991","025.2","2,824","469","016.6","210","39","018.4","905","483","053.4"
"1983","3,788","981","025.9","2,752","437","017.7","177","40","022.6","860","454","052.8"
"1982","3,369","916","027.2","2,448","465","019.0","153","26","017.0","767","425","055.4"
"1981 (17)","3,305","792","024.0","2,414","366","015.1","142","27","019.2","750","399","053.2"
"1980","3,235","751","023.2","2,365","363","015.3","164","26","016.0","706","362","051.3"
"1979 (18)","3,029","614","020.3","2,282","298","013.1","138","16","011.8","610","300","049.2"
"1978","2,741","559","020.4","2,089","248","011.9","110","23","020.9","542","288","053.1"
"1977","2,764","591","021.4","2,104","280","013.3","99","10","010.1","561","301","053.6"
"1976","2,583","598","023.1","1,978","312","015.8","88","11","012.5","517","275","053.1"
"1975","2,499","627","025.1","1,896","335","017.7","81","13","016.0","522","279","053.6"
"1974 (19)","2,475","526","021.2","1,926","278","014.4","87","19","021.6","462","229","049.6"
"1973","2,365","468","019.8","1,876","239","012.7","78","18","023.1","411","211","051.4"
"1972 (20)","2,312","477","020.6","N","N","N","N","N","N","N","N","N"
"Hispanic (any race) - With Children Under 18 Years (28)","","","","","","","","","","","",""
"Year","All families","","","Married-couple families","","","Families with a male householder, no spouse present","","","Families with a female householder, no spouse present","",""
"","Total","Below poverty","","Total","Below poverty","","Total","Below poverty","","Total","Below poverty",""
"","","Number","Percent","","Number","Percent","","Number","Percent","","Number","Percent"
"2022","7,857","1,557","019.8","4,796","560","011.7","856","166","019.4","2,204","831","037.7"
"2021","8,057","1,560","019.4","4,851","565","011.6","915","173","018.9","2,292","823","035.9"
"2020 (1)","8,040","1,600","019.9","4,893","618","012.6","853","136","015.9","2,294","846","036.9"
"2019","7,808","1,402","018.0","4,852","551","011.4","759","106","013.9","2,198","745","033.9"
"2018","8,009","1,646","020.5","4,906","621","012.7","827","158","019.2","2,277","866","038.0"
"2017 (2)","8,123","1,751","021.6","5,079","618","012.2","764","156","020.4","2,280","977","042.9"
"2017","8,116","1,736","021.4","5,059","640","012.6","765","146","019.1","2,292","949","041.4"
"2016","8,091","1,815","022.4","5,017","723","014.4","824","174","021.2","2,250","918","040.8"
"2015","8,122","2,028","025.0","4,904","826","016.8","837","204","024.4","2,381","998","041.9"
"2014","7,942","2,211","027.8","4,779","892","018.7","730","192","026.3","2,434","1,127","046.3"
"2013 (3)","7,784","2,352","030.2","4,441","802","018.1","756","254","033.5","2,587","1,296","050.1"
"2013 (4)","7,777","2,088","026.9","4,633","809","017.5","762","172","022.6","2,382","1,107","046.5"
"2012","7,776","2,341","030.1","4,666","973","020.9","781","235","030.1","2,329","1,133","048.6"
"2011","7,742","2,265","029.3","4,656","916","019.7","725","189","026.1","2,361","1,159","049.1"
"2010 (5)","7,670","2,373","030.9","4,684","1,022","021.8","690","192","027.8","2,296","1,159","050.5"
"2009","7,058","2,004","028.4","4,397","876","019.9","606","183","030.2","2,055","945","046.0"
"2008","7,117","1,905","026.8","4,617","874","018.9","544","119","022.0","1,957","912","046.6"
"2007","7,060","1,759","024.9","4,663","766","016.4","507","112","022.0","1,890","881","046.6"
"2006","6,982","1,636","023.4","4,607","718","015.6","467","106","022.8","1,908","811","042.5"
"2005","6,769","1,651","024.4","4,555","771","016.9","496","102","020.6","1,719","777","045.2"
"2004 (6)","6,617","1,685","025.5","4,365","778","017.8","499","102","020.4","1,753","806","046.0"
"2003","6,453","1,629","025.2","4,288","789","018.4","508","127","024.9","1,657","713","043.0"
"2002","6,329","1,527","024.1","4,242","752","017.7","500","118","023.6","1,587","657","041.4"
"2001","5,937","1,405","023.7","3,976","646","016.2","468","115","024.5","1,493","645","043.2"
"2000 (7)","5,669","1,323","023.3","3,857","649","016.8","421","77","018.4","1,391","597","042.9"
"1999 (8)","5,556","1,400","025.2","3,762","640","017.0","377","98","026.1","1,416","662","046.8"
"1998","5,078","1,454","028.6","3,398","656","019.3","325","91","028.0","1,355","707","052.2"
"1997","4,910","1,492","030.4","3,293","692","021.0","324","99","030.5","1,292","701","054.2"
"1996","4,689","1,549","033.0","3,124","687","022.0","291","102","035.1","1,274","760","059.7"
"1995 (9)","4,422","1,470","033.2","2,902","657","022.6","237","78","032.9","1,283","735","057.3"
"1994 (10)","4,377","1,497","034.2","2,923","698","023.9","272","99","036.4","1,182","700","059.2"
"1993 (11)","4,153","1,424","034.3","2,747","652","023.7","239","66","027.6","1,167","706","060.5"
"1992 (12)","3,962","1,302","032.9","2,692","615","022.9","233","89","038.2","1,037","598","057.7"
"1991 (13)","3,621","1,219","033.7","2,445","575","023.5","204","60","029.4","972","584","060.1"
"1990","3,497","1,085","031.0","2,405","501","020.8","171","48","028.1","921","536","058.2"
"1989","3,314","986","029.8","2,309","453","019.6","157","42","026.8","848","491","057.9"
"1988 (14)","3,325","988","029.7","2,339","445","019.0","125","33","026.4","861","510","059.2"
"1987 (14)","3,201","1,022","031.9","2,197","460","020.9","139","35","025.2","865","527","060.9"
"1986","3,080","949","030.8","N","N","N","N","N","N","822","489","059.5"
"1985 (15)","2,973","955","032.1","N","N","N","N","N","N","771","493","064.0"
"1984 (16)","2,789","872","031.3","N","N","N","N","N","N","711","447","062.8"
"1983","2,697","867","021.1","N","N","N","N","N","N","660","418","063.4"
"1982","2,458","802","032.6","N","N","N","N","N","N","613","391","063.8"
"1981 (17)","2,428","692","028.5","N","N","N","N","N","N","622","374","060.0"
"1980","2,409","655","027.2","N","N","N","N","N","N","N","N","N"
"1979 (18)","2,209","544","024.6","N","N","N","N","N","N","502","288","057.3"
"1978","2,002","483","024.1","N","N","N","N","N","N","N","N","N"
"1977","2,057","520","025.3","N","N","N","N","N","N","N","N","N"
"1976","1,899","517","027.2","N","N","N","N","N","N","N","N","N"
"1975","1,891","550","029.1","N","N","N","N","N","N","N","N","N"
"1974 (19)","1,834","462","025.2","N","N","N","N","N","N","N","N","N"
"1973","1,726","410","023.8","N","N","N","N","N","N","N","N","N"
"1972 (20)","1,700","416","024.5","N","N","N","N","N","N","N","N","N"
"Note: Before 1979, unrelated subfamilies were included in all families. Beginning in 1979, unrelated subfamilies are excluded from all families. An unrelated subfamily is defined as a married couple family with or without children or a single parent with one or more own, never-married, children under the age of 18 living in a household and not related by birth, marriage or adoption to the householder.","","","","","","","","","","","",""
"Source: U.S. Census Bureau, Current Population Survey, 1960 to 2023 Annual Social and Economic Supplements (CPS ASEC).","","","","","","","","","","","",""
"Footnotes are available at <www.census.gov/topics/income-poverty/poverty/guidance/poverty-footnotes/cps-historic-footnotes.html>.","","","","","","","","","","","",""
